s_detected,p_detected,s_error,lat,depth,provider,date,s_predicted,mag,detected,event_id,p_predicted,network,long,epi_distance,s_confidence,mag_type,plot_path,time,catalogued,p_confidence,unique_id,code,p_error
,2024-05-01T21:31:15.890000,,13.901,10.0,GFZ,2024-05-01,2024-05-01T21:39:55.196487,4.77,True,smi:org.gfz-potsdam.de/geofon/gfz2024iosd,2024-05-01T21:31:35.644364,AM,57.137,6765.566294160943,,mb,https://raw.githubusercontent.com/QingyuanZhangTony/test/main/data\AM.R50D6/2024-05-01/report/2024-05-01_48_event_plot.png?raw=true,2024-05-01T21:21:21.520000,True,0.5573353171348572,2024-05-01_48,R50D6,-19.754364
,,,40.926,10.0,GFZ,2024-05-01,2024-05-01T19:34:08.086293,4.59,False,smi:org.gfz-potsdam.de/geofon/gfz2024ioob,2024-05-01T19:26:40.126245,AM,78.303,5813.467832768867,,mb,,2024-05-01T19:17:26.030000,True,,2024-05-01_49,R50D6,
,,,45.05,10.0,GFZ,2024-05-01,2024-05-01T17:10:25.053497,4.32,False,smi:org.gfz-potsdam.de/geofon/gfz2024iojq,2024-05-01T17:07:28.039054,AM,15.597,1628.322342382479,,mb,,2024-05-01T17:03:52.770000,True,,2024-05-01_50,R50D6,
,,,45.026,10.0,GFZ,2024-05-01,2024-05-01T03:45:21.686984,4.75,False,smi:org.gfz-potsdam.de/geofon/gfz2024injc,2024-05-01T03:42:24.474800,AM,15.604,1630.6665624619845,,mb,,2024-05-01T03:38:48.970000,True,,2024-05-01_51,R50D6,
,2024-05-01T00:01:07.880000,,,,Detection,2024-05-01,,,True,,,AM,,,,,,2024-05-01T00:01:07.880000,False,0.2542935013771057,2024-05-01_05,R50D6,
,2024-05-01T00:01:08.730000,,,,Detection,2024-05-01,,,True,,,AM,,,,,,2024-05-01T00:01:08.730000,False,0.1853615641593933,2024-05-01_06,R50D6,
,2024-05-01T00:01:09.830000,,,,Detection,2024-05-01,,,True,,,AM,,,,,,2024-05-01T00:01:09.830000,False,0.11700114607810974,2024-05-01_07,R50D6,
,,,,,Detection,2024-05-01,,,True,,,AM,,,,,,2024-05-01T00:01:10.400000,False,,2024-05-01_08,R50D6,
,2024-05-01T00:01:35.010000,,,,Detection,2024-05-01,,,True,,,AM,,,,,,2024-05-01T00:01:35.010000,False,0.5308719277381897,2024-05-01_09,R50D6,
,2024-05-01T00:02:07,,,,Detection,2024-05-01,,,True,,,AM,,,,,,2024-05-01T00:02:07,False,0.8459138870239258,2024-05-01_10,R50D6,
,2024-05-01T00:02:51.200000,,,,Detection,2024-05-01,,,True,,,AM,,,,,,2024-05-01T00:02:51.200000,False,0.1335887908935547,2024-05-01_11,R50D6,
,2024-05-01T00:03:20.980000,,,,Detection,2024-05-01,,,True,,,AM,,,,,,2024-05-01T00:03:20.980000,False,0.39566025137901306,2024-05-01_12,R50D6,
,2024-05-01T00:08:23.560000,,,,Detection,2024-05-01,,,True,,,AM,,,,,,2024-05-01T00:08:23.560000,False,0.8025496602058411,2024-05-01_13,R50D6,
,2024-05-01T00:09:26.760000,,,,Detection,2024-05-01,,,True,,,AM,,,,,,2024-05-01T00:09:26.760000,False,0.5459300875663757,2024-05-01_14,R50D6,
,2024-05-01T00:12:23.050000,,,,Detection,2024-05-01,,,True,,,AM,,,,,,2024-05-01T00:12:23.050000,False,0.2583577334880829,2024-05-01_15,R50D6,
,2024-05-01T00:12:24.010000,,,,Detection,2024-05-01,,,True,,,AM,,,,,,2024-05-01T00:12:24.010000,False,0.13545233011245728,2024-05-01_16,R50D6,
,2024-05-01T00:12:28.120000,,,,Detection,2024-05-01,,,True,,,AM,,,,,,2024-05-01T00:12:28.120000,False,0.1478653997182846,2024-05-01_17,R50D6,
,2024-05-01T00:14:08.020000,,,,Detection,2024-05-01,,,True,,,AM,,,,,,2024-05-01T00:14:08.020000,False,0.5458495616912842,2024-05-01_18,R50D6,
,2024-05-01T00:17:12.790000,,,,Detection,2024-05-01,,,True,,,AM,,,,,,2024-05-01T00:17:12.790000,False,0.13256925344467163,2024-05-01_19,R50D6,
,2024-05-01T00:23:06.970000,,,,Detection,2024-05-01,,,True,,,AM,,,,,,2024-05-01T00:23:06.970000,False,0.545234203338623,2024-05-01_20,R50D6,
,2024-05-01T00:23:24.300000,,,,Detection,2024-05-01,,,True,,,AM,,,,,,2024-05-01T00:23:24.300000,False,0.22055882215499878,2024-05-01_21,R50D6,
,2024-05-01T00:28:25.910000,,,,Detection,2024-05-01,,,True,,,AM,,,,,,2024-05-01T00:28:25.910000,False,0.1607944518327713,2024-05-01_22,R50D6,
,2024-05-01T00:28:36.410000,,,,Detection,2024-05-01,,,True,,,AM,,,,,,2024-05-01T00:28:36.410000,False,0.12062999606132507,2024-05-01_23,R50D6,
,2024-05-01T00:35:15.670000,,,,Detection,2024-05-01,,,True,,,AM,,,,,,2024-05-01T00:35:15.670000,False,0.7615885138511658,2024-05-01_24,R50D6,
,2024-05-01T00:38:03.030000,,,,Detection,2024-05-01,,,True,,,AM,,,,,,2024-05-01T00:38:03.030000,False,0.5493046641349792,2024-05-01_25,R50D6,
,2024-05-01T00:38:24.610000,,,,Detection,2024-05-01,,,True,,,AM,,,,,,2024-05-01T00:38:24.610000,False,0.13974449038505554,2024-05-01_26,R50D6,
,2024-05-01T00:44:51,,,,Detection,2024-05-01,,,True,,,AM,,,,,,2024-05-01T00:44:51,False,0.33306601643562317,2024-05-01_27,R50D6,
,2024-05-01T00:51:45.010000,,,,Detection,2024-05-01,,,True,,,AM,,,,,,2024-05-01T00:51:45.010000,False,0.5102853775024414,2024-05-01_28,R50D6,
,2024-05-01T00:53:51.060000,,,,Detection,2024-05-01,,,True,,,AM,,,,,,2024-05-01T00:53:51.060000,False,0.4359312653541565,2024-05-01_29,R50D6,
,2024-05-01T01:02:09.040000,,,,Detection,2024-05-01,,,True,,,AM,,,,,,2024-05-01T01:02:09.040000,False,0.6912969350814819,2024-05-01_30,R50D6,
,2024-05-01T01:05:35,,,,Detection,2024-05-01,,,True,,,AM,,,,,,2024-05-01T01:05:35,False,0.11248631775379181,2024-05-01_31,R50D6,
,2024-05-01T01:08:05.980000,,,,Detection,2024-05-01,,,True,,,AM,,,,,,2024-05-01T01:08:05.980000,False,0.25946369767189026,2024-05-01_32,R50D6,
,2024-05-01T01:18:07.910000,,,,Detection,2024-05-01,,,True,,,AM,,,,,,2024-05-01T01:18:07.910000,False,0.1283676028251648,2024-05-01_33,R50D6,
,2024-05-01T01:20:50.490000,,,,Detection,2024-05-01,,,True,,,AM,,,,,,2024-05-01T01:20:50.490000,False,0.1386244297027588,2024-05-01_34,R50D6,
,2024-05-01T01:26:05,,,,Detection,2024-05-01,,,True,,,AM,,,,,,2024-05-01T01:26:05,False,0.3042033612728119,2024-05-01_35,R50D6,
,2024-05-01T01:28:52.060000,,,,Detection,2024-05-01,,,True,,,AM,,,,,,2024-05-01T01:28:52.060000,False,0.18512892723083496,2024-05-01_36,R50D6,
,2024-05-01T01:28:53.070000,,,,Detection,2024-05-01,,,True,,,AM,,,,,,2024-05-01T01:28:53.070000,False,0.11614274978637695,2024-05-01_37,R50D6,
,2024-05-01T01:31:37.940000,,,,Detection,2024-05-01,,,True,,,AM,,,,,,2024-05-01T01:31:37.940000,False,0.3804342746734619,2024-05-01_38,R50D6,
,2024-05-01T01:34:06.960000,,,,Detection,2024-05-01,,,True,,,AM,,,,,,2024-05-01T01:34:06.960000,False,0.46334320306777954,2024-05-01_39,R50D6,
,2024-05-01T01:36:25.020000,,,,Detection,2024-05-01,,,True,,,AM,,,,,,2024-05-01T01:36:25.020000,False,0.17228305339813232,2024-05-01_40,R50D6,
,2024-05-01T01:41:08,,,,Detection,2024-05-01,,,True,,,AM,,,,,,2024-05-01T01:41:08,False,0.8285689949989319,2024-05-01_41,R50D6,
,2024-05-01T01:42:51.240000,,,,Detection,2024-05-01,,,True,,,AM,,,,,,2024-05-01T01:42:51.240000,False,0.2506876587867737,2024-05-01_42,R50D6,
,2024-05-01T01:48:36.980000,,,,Detection,2024-05-01,,,True,,,AM,,,,,,2024-05-01T01:48:36.980000,False,0.43407142162323,2024-05-01_43,R50D6,
,2024-05-01T01:51:18.010000,,,,Detection,2024-05-01,,,True,,,AM,,,,,,2024-05-01T01:51:18.010000,False,0.6190562844276428,2024-05-01_44,R50D6,
,2024-05-01T01:53:08.040000,,,,Detection,2024-05-01,,,True,,,AM,,,,,,2024-05-01T01:53:08.040000,False,0.2165071666240692,2024-05-01_45,R50D6,
,2024-05-01T02:03:53.690000,,,,Detection,2024-05-01,,,True,,,AM,,,,,,2024-05-01T02:03:53.690000,False,0.38047730922698975,2024-05-01_46,R50D6,
,2024-05-01T02:15:35.960000,,,,Detection,2024-05-01,,,True,,,AM,,,,,,2024-05-01T02:15:35.960000,False,0.14370986819267273,2024-05-01_47,R50D6,
,2024-05-01T02:15:37,,,,Detection,2024-05-01,,,True,,,AM,,,,,,2024-05-01T02:15:37,False,0.3573727011680603,2024-05-01_48,R50D6,
,2024-05-01T02:16:05,,,,Detection,2024-05-01,,,True,,,AM,,,,,,2024-05-01T02:16:05,False,0.1546546071767807,2024-05-01_49,R50D6,
,2024-05-01T02:16:05.980000,,,,Detection,2024-05-01,,,True,,,AM,,,,,,2024-05-01T02:16:05.980000,False,0.2069874405860901,2024-05-01_50,R50D6,
,2024-05-01T02:16:06.970000,,,,Detection,2024-05-01,,,True,,,AM,,,,,,2024-05-01T02:16:06.970000,False,0.1518375426530838,2024-05-01_51,R50D6,
,2024-05-01T02:21:24.250000,,,,Detection,2024-05-01,,,True,,,AM,,,,,,2024-05-01T02:21:24.250000,False,0.6036213636398315,2024-05-01_52,R50D6,
,2024-05-01T02:22:45.870000,,,,Detection,2024-05-01,,,True,,,AM,,,,,,2024-05-01T02:22:45.870000,False,0.6137391924858093,2024-05-01_53,R50D6,
,2024-05-01T02:25:07.930000,,,,Detection,2024-05-01,,,True,,,AM,,,,,,2024-05-01T02:25:07.930000,False,0.19913361966609955,2024-05-01_54,R50D6,
,2024-05-01T02:26:51.530000,,,,Detection,2024-05-01,,,True,,,AM,,,,,,2024-05-01T02:26:51.530000,False,0.15801316499710083,2024-05-01_55,R50D6,
,2024-05-01T02:27:23.270000,,,,Detection,2024-05-01,,,True,,,AM,,,,,,2024-05-01T02:27:23.270000,False,0.14596477150917053,2024-05-01_56,R50D6,
,2024-05-01T02:35:06.810000,,,,Detection,2024-05-01,,,True,,,AM,,,,,,2024-05-01T02:35:06.810000,False,0.10748051106929779,2024-05-01_57,R50D6,
,2024-05-01T02:40:38.030000,,,,Detection,2024-05-01,,,True,,,AM,,,,,,2024-05-01T02:40:38.030000,False,0.7704029679298401,2024-05-01_58,R50D6,
,2024-05-01T02:44:38.090000,,,,Detection,2024-05-01,,,True,,,AM,,,,,,2024-05-01T02:44:38.090000,False,0.5354812145233154,2024-05-01_59,R50D6,
,2024-05-01T02:46:52.100000,,,,Detection,2024-05-01,,,True,,,AM,,,,,,2024-05-01T02:46:52.100000,False,0.679711639881134,2024-05-01_60,R50D6,
,2024-05-01T02:47:50.930000,,,,Detection,2024-05-01,,,True,,,AM,,,,,,2024-05-01T02:47:50.930000,False,0.25355425477027893,2024-05-01_61,R50D6,
,2024-05-01T02:48:23.100000,,,,Detection,2024-05-01,,,True,,,AM,,,,,,2024-05-01T02:48:23.100000,False,0.5091008543968201,2024-05-01_62,R50D6,
,2024-05-01T02:49:43.350000,,,,Detection,2024-05-01,,,True,,,AM,,,,,,2024-05-01T02:49:43.350000,False,0.9049561619758606,2024-05-01_63,R50D6,
,,,,,Detection,2024-05-01,,,True,,,AM,,,,,,2024-05-01T02:49:43.930000,False,,2024-05-01_64,R50D6,
,2024-05-01T02:53:06.950000,,,,Detection,2024-05-01,,,True,,,AM,,,,,,2024-05-01T02:53:06.950000,False,0.22919093072414398,2024-05-01_65,R50D6,
,2024-05-01T03:03:48.420000,,,,Detection,2024-05-01,,,True,,,AM,,,,,,2024-05-01T03:03:48.420000,False,0.15593212842941284,2024-05-01_66,R50D6,
,2024-05-01T03:04:18.950000,,,,Detection,2024-05-01,,,True,,,AM,,,,,,2024-05-01T03:04:18.950000,False,0.10752219706773758,2024-05-01_67,R50D6,
,2024-05-01T03:12:22.240000,,,,Detection,2024-05-01,,,True,,,AM,,,,,,2024-05-01T03:12:22.240000,False,0.43504369258880615,2024-05-01_68,R50D6,
,2024-05-01T03:16:32.610000,,,,Detection,2024-05-01,,,True,,,AM,,,,,,2024-05-01T03:16:32.610000,False,0.4739822447299957,2024-05-01_69,R50D6,
,2024-05-01T03:17:12.710000,,,,Detection,2024-05-01,,,True,,,AM,,,,,,2024-05-01T03:17:12.710000,False,0.26124393939971924,2024-05-01_70,R50D6,
,2024-05-01T03:19:23.030000,,,,Detection,2024-05-01,,,True,,,AM,,,,,,2024-05-01T03:19:23.030000,False,0.5149520635604858,2024-05-01_71,R50D6,
,2024-05-01T03:19:51.610000,,,,Detection,2024-05-01,,,True,,,AM,,,,,,2024-05-01T03:19:51.610000,False,0.24647781252861023,2024-05-01_72,R50D6,
,2024-05-01T03:34:22.050000,,,,Detection,2024-05-01,,,True,,,AM,,,,,,2024-05-01T03:34:22.050000,False,0.138575941324234,2024-05-01_73,R50D6,
,2024-05-01T03:35:05.390000,,,,Detection,2024-05-01,,,True,,,AM,,,,,,2024-05-01T03:35:05.390000,False,0.14754843711853027,2024-05-01_74,R50D6,
,2024-05-01T03:37:26.300000,,,,Detection,2024-05-01,,,True,,,AM,,,,,,2024-05-01T03:37:26.300000,False,0.37328222393989563,2024-05-01_75,R50D6,
,2024-05-01T04:01:50.230000,,,,Detection,2024-05-01,,,True,,,AM,,,,,,2024-05-01T04:01:50.230000,False,0.41756853461265564,2024-05-01_76,R50D6,
,2024-05-01T04:02:38.050000,,,,Detection,2024-05-01,,,True,,,AM,,,,,,2024-05-01T04:02:38.050000,False,0.13097986578941345,2024-05-01_77,R50D6,
,2024-05-01T04:03:30.700000,,,,Detection,2024-05-01,,,True,,,AM,,,,,,2024-05-01T04:03:30.700000,False,0.7909428477287292,2024-05-01_78,R50D6,
,2024-05-01T04:05:06.970000,,,,Detection,2024-05-01,,,True,,,AM,,,,,,2024-05-01T04:05:06.970000,False,0.13118870556354523,2024-05-01_79,R50D6,
,2024-05-01T04:10:25.120000,,,,Detection,2024-05-01,,,True,,,AM,,,,,,2024-05-01T04:10:25.120000,False,0.31298598647117615,2024-05-01_80,R50D6,
,2024-05-01T04:37:24.010000,,,,Detection,2024-05-01,,,True,,,AM,,,,,,2024-05-01T04:37:24.010000,False,0.8864268064498901,2024-05-01_81,R50D6,
,2024-05-01T04:38:22.150000,,,,Detection,2024-05-01,,,True,,,AM,,,,,,2024-05-01T04:38:22.150000,False,0.7561787366867065,2024-05-01_82,R50D6,
,2024-05-01T04:41:05.980000,,,,Detection,2024-05-01,,,True,,,AM,,,,,,2024-05-01T04:41:05.980000,False,0.4678671956062317,2024-05-01_83,R50D6,
,2024-05-01T04:41:06.900000,,,,Detection,2024-05-01,,,True,,,AM,,,,,,2024-05-01T04:41:06.900000,False,0.29368311166763306,2024-05-01_84,R50D6,
,2024-05-01T04:41:27.750000,,,,Detection,2024-05-01,,,True,,,AM,,,,,,2024-05-01T04:41:27.750000,False,0.11612114310264587,2024-05-01_85,R50D6,
,2024-05-01T04:46:37.970000,,,,Detection,2024-05-01,,,True,,,AM,,,,,,2024-05-01T04:46:37.970000,False,0.28793472051620483,2024-05-01_86,R50D6,
,2024-05-01T04:46:45.760000,,,,Detection,2024-05-01,,,True,,,AM,,,,,,2024-05-01T04:46:45.760000,False,0.3516455590724945,2024-05-01_87,R50D6,
,2024-05-01T04:52:35.020000,,,,Detection,2024-05-01,,,True,,,AM,,,,,,2024-05-01T04:52:35.020000,False,0.8634567260742188,2024-05-01_88,R50D6,
,2024-05-01T04:52:54.610000,,,,Detection,2024-05-01,,,True,,,AM,,,,,,2024-05-01T04:52:54.610000,False,0.1372116357088089,2024-05-01_89,R50D6,
,2024-05-01T04:53:24,,,,Detection,2024-05-01,,,True,,,AM,,,,,,2024-05-01T04:53:24,False,0.16600124537944794,2024-05-01_90,R50D6,
,2024-05-01T04:56:27.180000,,,,Detection,2024-05-01,,,True,,,AM,,,,,,2024-05-01T04:56:27.180000,False,0.13847678899765015,2024-05-01_91,R50D6,
,2024-05-01T04:59:53.100000,,,,Detection,2024-05-01,,,True,,,AM,,,,,,2024-05-01T04:59:53.100000,False,0.5591712594032288,2024-05-01_92,R50D6,
,2024-05-01T05:07:07,,,,Detection,2024-05-01,,,True,,,AM,,,,,,2024-05-01T05:07:07,False,0.8717772960662842,2024-05-01_93,R50D6,
,2024-05-01T05:07:36,,,,Detection,2024-05-01,,,True,,,AM,,,,,,2024-05-01T05:07:36,False,0.6073050498962402,2024-05-01_94,R50D6,
,2024-05-01T05:11:08,,,,Detection,2024-05-01,,,True,,,AM,,,,,,2024-05-01T05:11:08,False,0.7952734231948853,2024-05-01_95,R50D6,
,2024-05-01T05:15:37.750000,,,,Detection,2024-05-01,,,True,,,AM,,,,,,2024-05-01T05:15:37.750000,False,0.44184941053390503,2024-05-01_96,R50D6,
,2024-05-01T05:17:07.030000,,,,Detection,2024-05-01,,,True,,,AM,,,,,,2024-05-01T05:17:07.030000,False,0.14611008763313293,2024-05-01_97,R50D6,
,2024-05-01T05:20:39.870000,,,,Detection,2024-05-01,,,True,,,AM,,,,,,2024-05-01T05:20:39.870000,False,0.6534293293952942,2024-05-01_98,R50D6,
,2024-05-01T05:26:05.780000,,,,Detection,2024-05-01,,,True,,,AM,,,,,,2024-05-01T05:26:05.780000,False,0.3458307981491089,2024-05-01_99,R50D6,
,2024-05-01T05:30:01,,,,Detection,2024-05-01,,,True,,,AM,,,,,,2024-05-01T05:30:01,False,0.26501959562301636,2024-05-01_100,R50D6,
,2024-05-01T05:30:23.860000,,,,Detection,2024-05-01,,,True,,,AM,,,,,,2024-05-01T05:30:23.860000,False,0.1295718401670456,2024-05-01_101,R50D6,
,2024-05-01T05:30:25.720000,,,,Detection,2024-05-01,,,True,,,AM,,,,,,2024-05-01T05:30:25.720000,False,0.1334691047668457,2024-05-01_102,R50D6,
,2024-05-01T05:31:27.500000,,,,Detection,2024-05-01,,,True,,,AM,,,,,,2024-05-01T05:31:27.500000,False,0.5203734636306763,2024-05-01_103,R50D6,
,2024-05-01T05:32:22.940000,,,,Detection,2024-05-01,,,True,,,AM,,,,,,2024-05-01T05:32:22.940000,False,0.6718277931213379,2024-05-01_104,R50D6,
,2024-05-01T05:32:48.880000,,,,Detection,2024-05-01,,,True,,,AM,,,,,,2024-05-01T05:32:48.880000,False,0.3863338232040405,2024-05-01_105,R50D6,
,2024-05-01T05:34:05.980000,,,,Detection,2024-05-01,,,True,,,AM,,,,,,2024-05-01T05:34:05.980000,False,0.4531140923500061,2024-05-01_106,R50D6,
,2024-05-01T05:34:19.260000,,,,Detection,2024-05-01,,,True,,,AM,,,,,,2024-05-01T05:34:19.260000,False,0.23192138969898224,2024-05-01_107,R50D6,
,2024-05-01T05:36:21.130000,,,,Detection,2024-05-01,,,True,,,AM,,,,,,2024-05-01T05:36:21.130000,False,0.11864542961120605,2024-05-01_108,R50D6,
,2024-05-01T05:40:59.760000,,,,Detection,2024-05-01,,,True,,,AM,,,,,,2024-05-01T05:40:59.760000,False,0.7158675789833069,2024-05-01_109,R50D6,
,2024-05-01T05:41:12.100000,,,,Detection,2024-05-01,,,True,,,AM,,,,,,2024-05-01T05:41:12.100000,False,0.39361733198165894,2024-05-01_110,R50D6,
,2024-05-01T05:42:17.010000,,,,Detection,2024-05-01,,,True,,,AM,,,,,,2024-05-01T05:42:17.010000,False,0.1519199162721634,2024-05-01_111,R50D6,
,2024-05-01T05:42:56.710000,,,,Detection,2024-05-01,,,True,,,AM,,,,,,2024-05-01T05:42:56.710000,False,0.22251619398593903,2024-05-01_112,R50D6,
,2024-05-01T05:43:35.970000,,,,Detection,2024-05-01,,,True,,,AM,,,,,,2024-05-01T05:43:35.970000,False,0.46930304169654846,2024-05-01_113,R50D6,
,2024-05-01T05:46:51,,,,Detection,2024-05-01,,,True,,,AM,,,,,,2024-05-01T05:46:51,False,0.12325811386108398,2024-05-01_114,R50D6,
,2024-05-01T05:52:09.350000,,,,Detection,2024-05-01,,,True,,,AM,,,,,,2024-05-01T05:52:09.350000,False,0.7940598726272583,2024-05-01_115,R50D6,
,2024-05-01T05:52:38.970000,,,,Detection,2024-05-01,,,True,,,AM,,,,,,2024-05-01T05:52:38.970000,False,0.24326403439044952,2024-05-01_116,R50D6,
,2024-05-01T05:52:39.960000,,,,Detection,2024-05-01,,,True,,,AM,,,,,,2024-05-01T05:52:39.960000,False,0.10230374336242676,2024-05-01_117,R50D6,
,2024-05-01T05:56:23.190000,,,,Detection,2024-05-01,,,True,,,AM,,,,,,2024-05-01T05:56:23.190000,False,0.6555083990097046,2024-05-01_118,R50D6,
,2024-05-01T05:57:08.840000,,,,Detection,2024-05-01,,,True,,,AM,,,,,,2024-05-01T05:57:08.840000,False,0.6465598344802856,2024-05-01_119,R50D6,
,2024-05-01T05:58:04.940000,,,,Detection,2024-05-01,,,True,,,AM,,,,,,2024-05-01T05:58:04.940000,False,0.820469081401825,2024-05-01_120,R50D6,
,2024-05-01T06:00:38.010000,,,,Detection,2024-05-01,,,True,,,AM,,,,,,2024-05-01T06:00:38.010000,False,0.32959824800491333,2024-05-01_121,R50D6,
,2024-05-01T06:00:38.980000,,,,Detection,2024-05-01,,,True,,,AM,,,,,,2024-05-01T06:00:38.980000,False,0.2121652364730835,2024-05-01_122,R50D6,
,2024-05-01T06:01:13.990000,,,,Detection,2024-05-01,,,True,,,AM,,,,,,2024-05-01T06:01:13.990000,False,0.1436825394630432,2024-05-01_123,R50D6,
,2024-05-01T06:02:49.020000,,,,Detection,2024-05-01,,,True,,,AM,,,,,,2024-05-01T06:02:49.020000,False,0.3904713988304138,2024-05-01_124,R50D6,
,2024-05-01T06:12:22.050000,,,,Detection,2024-05-01,,,True,,,AM,,,,,,2024-05-01T06:12:22.050000,False,0.14237573742866516,2024-05-01_125,R50D6,
,2024-05-01T06:12:53.240000,,,,Detection,2024-05-01,,,True,,,AM,,,,,,2024-05-01T06:12:53.240000,False,0.5871597528457642,2024-05-01_126,R50D6,
,2024-05-01T06:13:24.230000,,,,Detection,2024-05-01,,,True,,,AM,,,,,,2024-05-01T06:13:24.230000,False,0.5165891647338867,2024-05-01_127,R50D6,
,2024-05-01T06:16:25.280000,,,,Detection,2024-05-01,,,True,,,AM,,,,,,2024-05-01T06:16:25.280000,False,0.14892663061618805,2024-05-01_128,R50D6,
,2024-05-01T06:22:21.990000,,,,Detection,2024-05-01,,,True,,,AM,,,,,,2024-05-01T06:22:21.990000,False,0.2156338095664978,2024-05-01_129,R50D6,
,2024-05-01T06:22:51.810000,,,,Detection,2024-05-01,,,True,,,AM,,,,,,2024-05-01T06:22:51.810000,False,0.1758217215538025,2024-05-01_130,R50D6,
,2024-05-01T06:23:36.990000,,,,Detection,2024-05-01,,,True,,,AM,,,,,,2024-05-01T06:23:36.990000,False,0.291703999042511,2024-05-01_131,R50D6,
,2024-05-01T06:23:38.010000,,,,Detection,2024-05-01,,,True,,,AM,,,,,,2024-05-01T06:23:38.010000,False,0.2925800085067749,2024-05-01_132,R50D6,
,2024-05-01T06:25:06.010000,,,,Detection,2024-05-01,,,True,,,AM,,,,,,2024-05-01T06:25:06.010000,False,0.8727868795394897,2024-05-01_133,R50D6,
,2024-05-01T06:32:21.020000,,,,Detection,2024-05-01,,,True,,,AM,,,,,,2024-05-01T06:32:21.020000,False,0.507232666015625,2024-05-01_134,R50D6,
,2024-05-01T06:34:35.970000,,,,Detection,2024-05-01,,,True,,,AM,,,,,,2024-05-01T06:34:35.970000,False,0.10028204321861267,2024-05-01_135,R50D6,
,2024-05-01T06:49:54.210000,,,,Detection,2024-05-01,,,True,,,AM,,,,,,2024-05-01T06:49:54.210000,False,0.23330919444561005,2024-05-01_136,R50D6,
,2024-05-01T07:03:36.080000,,,,Detection,2024-05-01,,,True,,,AM,,,,,,2024-05-01T07:03:36.080000,False,0.22060981392860413,2024-05-01_137,R50D6,
,2024-05-01T07:04:27.220000,,,,Detection,2024-05-01,,,True,,,AM,,,,,,2024-05-01T07:04:27.220000,False,0.228020578622818,2024-05-01_138,R50D6,
,2024-05-01T07:05:11.850000,,,,Detection,2024-05-01,,,True,,,AM,,,,,,2024-05-01T07:05:11.850000,False,0.44163697957992554,2024-05-01_139,R50D6,
,2024-05-01T07:05:42.780000,,,,Detection,2024-05-01,,,True,,,AM,,,,,,2024-05-01T07:05:42.780000,False,0.141776904463768,2024-05-01_140,R50D6,
,2024-05-01T07:07:21.800000,,,,Detection,2024-05-01,,,True,,,AM,,,,,,2024-05-01T07:07:21.800000,False,0.481766015291214,2024-05-01_141,R50D6,
,2024-05-01T07:08:51.320000,,,,Detection,2024-05-01,,,True,,,AM,,,,,,2024-05-01T07:08:51.320000,False,0.3482772707939148,2024-05-01_142,R50D6,
,2024-05-01T07:13:00.770000,,,,Detection,2024-05-01,,,True,,,AM,,,,,,2024-05-01T07:13:00.770000,False,0.5713943243026733,2024-05-01_143,R50D6,
,2024-05-01T07:13:35.030000,,,,Detection,2024-05-01,,,True,,,AM,,,,,,2024-05-01T07:13:35.030000,False,0.21653269231319427,2024-05-01_144,R50D6,
,2024-05-01T07:24:22.050000,,,,Detection,2024-05-01,,,True,,,AM,,,,,,2024-05-01T07:24:22.050000,False,0.3484812080860138,2024-05-01_145,R50D6,
,2024-05-01T07:26:51.220000,,,,Detection,2024-05-01,,,True,,,AM,,,,,,2024-05-01T07:26:51.220000,False,0.39545029401779175,2024-05-01_146,R50D6,
,2024-05-01T07:31:36.830000,,,,Detection,2024-05-01,,,True,,,AM,,,,,,2024-05-01T07:31:36.830000,False,0.17046241462230682,2024-05-01_147,R50D6,
,2024-05-01T07:33:05.960000,,,,Detection,2024-05-01,,,True,,,AM,,,,,,2024-05-01T07:33:05.960000,False,0.19663256406784058,2024-05-01_148,R50D6,
,2024-05-01T07:36:21.160000,,,,Detection,2024-05-01,,,True,,,AM,,,,,,2024-05-01T07:36:21.160000,False,0.21637819707393646,2024-05-01_149,R50D6,
,2024-05-01T07:38:42.660000,,,,Detection,2024-05-01,,,True,,,AM,,,,,,2024-05-01T07:38:42.660000,False,0.10372438281774521,2024-05-01_150,R50D6,
,2024-05-01T07:55:36.010000,,,,Detection,2024-05-01,,,True,,,AM,,,,,,2024-05-01T07:55:36.010000,False,0.8376124501228333,2024-05-01_151,R50D6,
,2024-05-01T07:56:51.180000,,,,Detection,2024-05-01,,,True,,,AM,,,,,,2024-05-01T07:56:51.180000,False,0.5622806549072266,2024-05-01_152,R50D6,
,2024-05-01T07:57:22.030000,,,,Detection,2024-05-01,,,True,,,AM,,,,,,2024-05-01T07:57:22.030000,False,0.19084802269935608,2024-05-01_153,R50D6,
,2024-05-01T08:04:12.690000,,,,Detection,2024-05-01,,,True,,,AM,,,,,,2024-05-01T08:04:12.690000,False,0.14156337082386017,2024-05-01_154,R50D6,
,2024-05-01T08:07:07.020000,,,,Detection,2024-05-01,,,True,,,AM,,,,,,2024-05-01T08:07:07.020000,False,0.7966228723526001,2024-05-01_155,R50D6,
,2024-05-01T08:07:24.170000,,,,Detection,2024-05-01,,,True,,,AM,,,,,,2024-05-01T08:07:24.170000,False,0.1554621458053589,2024-05-01_156,R50D6,
,2024-05-01T08:07:46.530000,,,,Detection,2024-05-01,,,True,,,AM,,,,,,2024-05-01T08:07:46.530000,False,0.22487947344779968,2024-05-01_157,R50D6,
,2024-05-01T08:08:52.940000,,,,Detection,2024-05-01,,,True,,,AM,,,,,,2024-05-01T08:08:52.940000,False,0.12610168755054474,2024-05-01_158,R50D6,
,2024-05-01T08:15:35.060000,,,,Detection,2024-05-01,,,True,,,AM,,,,,,2024-05-01T08:15:35.060000,False,0.44625839591026306,2024-05-01_159,R50D6,
,2024-05-01T08:16:40.980000,,,,Detection,2024-05-01,,,True,,,AM,,,,,,2024-05-01T08:16:40.980000,False,0.2413588911294937,2024-05-01_160,R50D6,
,2024-05-01T08:18:00.990000,,,,Detection,2024-05-01,,,True,,,AM,,,,,,2024-05-01T08:18:00.990000,False,0.5165156126022339,2024-05-01_161,R50D6,
,2024-05-01T08:23:21.070000,,,,Detection,2024-05-01,,,True,,,AM,,,,,,2024-05-01T08:23:21.070000,False,0.496093213558197,2024-05-01_162,R50D6,
,2024-05-01T08:24:08.100000,,,,Detection,2024-05-01,,,True,,,AM,,,,,,2024-05-01T08:24:08.100000,False,0.19825778901576996,2024-05-01_163,R50D6,
,2024-05-01T08:24:38.020000,,,,Detection,2024-05-01,,,True,,,AM,,,,,,2024-05-01T08:24:38.020000,False,0.6312930583953857,2024-05-01_164,R50D6,
,2024-05-01T08:27:53.090000,,,,Detection,2024-05-01,,,True,,,AM,,,,,,2024-05-01T08:27:53.090000,False,0.7361889481544495,2024-05-01_165,R50D6,
,2024-05-01T08:31:02.170000,,,,Detection,2024-05-01,,,True,,,AM,,,,,,2024-05-01T08:31:02.170000,False,0.12706343829631805,2024-05-01_166,R50D6,
,2024-05-01T08:32:11.580000,,,,Detection,2024-05-01,,,True,,,AM,,,,,,2024-05-01T08:32:11.580000,False,0.36130115389823914,2024-05-01_167,R50D6,
,2024-05-01T08:38:35.940000,,,,Detection,2024-05-01,,,True,,,AM,,,,,,2024-05-01T08:38:35.940000,False,0.18937213718891144,2024-05-01_168,R50D6,
,2024-05-01T08:42:20.390000,,,,Detection,2024-05-01,,,True,,,AM,,,,,,2024-05-01T08:42:20.390000,False,0.1496511548757553,2024-05-01_169,R50D6,
,2024-05-01T08:44:53.080000,,,,Detection,2024-05-01,,,True,,,AM,,,,,,2024-05-01T08:44:53.080000,False,0.7027594447135925,2024-05-01_170,R50D6,
,2024-05-01T08:46:21.910000,,,,Detection,2024-05-01,,,True,,,AM,,,,,,2024-05-01T08:46:21.910000,False,0.2239999920129776,2024-05-01_171,R50D6,
,2024-05-01T08:58:36.290000,,,,Detection,2024-05-01,,,True,,,AM,,,,,,2024-05-01T08:58:36.290000,False,0.11463750898838043,2024-05-01_172,R50D6,
,2024-05-01T09:08:11.140000,,,,Detection,2024-05-01,,,True,,,AM,,,,,,2024-05-01T09:08:11.140000,False,0.7478589415550232,2024-05-01_173,R50D6,
,2024-05-01T09:08:16.760000,,,,Detection,2024-05-01,,,True,,,AM,,,,,,2024-05-01T09:08:16.760000,False,0.2565878927707672,2024-05-01_174,R50D6,
,2024-05-01T09:09:11.570000,,,,Detection,2024-05-01,,,True,,,AM,,,,,,2024-05-01T09:09:11.570000,False,0.8180658221244812,2024-05-01_175,R50D6,
,2024-05-01T09:09:48.940000,,,,Detection,2024-05-01,,,True,,,AM,,,,,,2024-05-01T09:09:48.940000,False,0.11976844817399979,2024-05-01_176,R50D6,
,2024-05-01T09:10:52.110000,,,,Detection,2024-05-01,,,True,,,AM,,,,,,2024-05-01T09:10:52.110000,False,0.13712802529335022,2024-05-01_177,R50D6,
,2024-05-01T09:11:37.990000,,,,Detection,2024-05-01,,,True,,,AM,,,,,,2024-05-01T09:11:37.990000,False,0.5125189423561096,2024-05-01_178,R50D6,
,2024-05-01T09:15:53.090000,,,,Detection,2024-05-01,,,True,,,AM,,,,,,2024-05-01T09:15:53.090000,False,0.21615853905677795,2024-05-01_179,R50D6,
,2024-05-01T09:16:23.060000,,,,Detection,2024-05-01,,,True,,,AM,,,,,,2024-05-01T09:16:23.060000,False,0.7546685934066772,2024-05-01_180,R50D6,
,2024-05-01T09:24:22.160000,,,,Detection,2024-05-01,,,True,,,AM,,,,,,2024-05-01T09:24:22.160000,False,0.3677191436290741,2024-05-01_181,R50D6,
,2024-05-01T09:24:52.410000,,,,Detection,2024-05-01,,,True,,,AM,,,,,,2024-05-01T09:24:52.410000,False,0.17828671634197235,2024-05-01_182,R50D6,
,2024-05-01T09:31:06.970000,,,,Detection,2024-05-01,,,True,,,AM,,,,,,2024-05-01T09:31:06.970000,False,0.1753026694059372,2024-05-01_183,R50D6,
,2024-05-01T09:31:07.960000,,,,Detection,2024-05-01,,,True,,,AM,,,,,,2024-05-01T09:31:07.960000,False,0.11025181412696838,2024-05-01_184,R50D6,
,2024-05-01T09:41:56.680000,,,,Detection,2024-05-01,,,True,,,AM,,,,,,2024-05-01T09:41:56.680000,False,0.16518965363502502,2024-05-01_185,R50D6,
,2024-05-01T09:47:51.070000,,,,Detection,2024-05-01,,,True,,,AM,,,,,,2024-05-01T09:47:51.070000,False,0.47538992762565613,2024-05-01_186,R50D6,
,2024-05-01T10:04:08.990000,,,,Detection,2024-05-01,,,True,,,AM,,,,,,2024-05-01T10:04:08.990000,False,0.24989376962184906,2024-05-01_187,R50D6,
,2024-05-01T10:07:30.870000,,,,Detection,2024-05-01,,,True,,,AM,,,,,,2024-05-01T10:07:30.870000,False,0.4495622217655182,2024-05-01_188,R50D6,
,2024-05-01T10:08:22.100000,,,,Detection,2024-05-01,,,True,,,AM,,,,,,2024-05-01T10:08:22.100000,False,0.4569089114665985,2024-05-01_189,R50D6,
,2024-05-01T10:08:23.090000,,,,Detection,2024-05-01,,,True,,,AM,,,,,,2024-05-01T10:08:23.090000,False,0.10687372088432312,2024-05-01_190,R50D6,
,2024-05-01T10:08:35.990000,,,,Detection,2024-05-01,,,True,,,AM,,,,,,2024-05-01T10:08:35.990000,False,0.7070413827896118,2024-05-01_191,R50D6,
,2024-05-01T10:09:35.990000,,,,Detection,2024-05-01,,,True,,,AM,,,,,,2024-05-01T10:09:35.990000,False,0.2305847853422165,2024-05-01_192,R50D6,
,2024-05-01T10:15:49.060000,,,,Detection,2024-05-01,,,True,,,AM,,,,,,2024-05-01T10:15:49.060000,False,0.7299113273620605,2024-05-01_193,R50D6,
,2024-05-01T10:25:50.070000,,,,Detection,2024-05-01,,,True,,,AM,,,,,,2024-05-01T10:25:50.070000,False,0.12008523941040039,2024-05-01_194,R50D6,
,2024-05-01T10:34:04.740000,,,,Detection,2024-05-01,,,True,,,AM,,,,,,2024-05-01T10:34:04.740000,False,0.5881122350692749,2024-05-01_195,R50D6,
,2024-05-01T10:34:05,,,,Detection,2024-05-01,,,True,,,AM,,,,,,2024-05-01T10:34:05,False,0.23605656623840332,2024-05-01_196,R50D6,
,2024-05-01T10:34:21.550000,,,,Detection,2024-05-01,,,True,,,AM,,,,,,2024-05-01T10:34:21.550000,False,0.1197081059217453,2024-05-01_197,R50D6,
,2024-05-01T10:40:56.490000,,,,Detection,2024-05-01,,,True,,,AM,,,,,,2024-05-01T10:40:56.490000,False,0.3307377099990845,2024-05-01_198,R50D6,
,2024-05-01T10:58:20.620000,,,,Detection,2024-05-01,,,True,,,AM,,,,,,2024-05-01T10:58:20.620000,False,0.45960673689842224,2024-05-01_199,R50D6,
,2024-05-01T11:02:53.130000,,,,Detection,2024-05-01,,,True,,,AM,,,,,,2024-05-01T11:02:53.130000,False,0.519779622554779,2024-05-01_200,R50D6,
,2024-05-01T11:06:37.010000,,,,Detection,2024-05-01,,,True,,,AM,,,,,,2024-05-01T11:06:37.010000,False,0.670503556728363,2024-05-01_201,R50D6,
,2024-05-01T11:16:38.990000,,,,Detection,2024-05-01,,,True,,,AM,,,,,,2024-05-01T11:16:38.990000,False,0.2951836585998535,2024-05-01_202,R50D6,
,2024-05-01T11:18:15.890000,,,,Detection,2024-05-01,,,True,,,AM,,,,,,2024-05-01T11:18:15.890000,False,0.25737038254737854,2024-05-01_203,R50D6,
,2024-05-01T11:21:06.970000,,,,Detection,2024-05-01,,,True,,,AM,,,,,,2024-05-01T11:21:06.970000,False,0.22449049353599548,2024-05-01_204,R50D6,
,2024-05-01T11:21:07.960000,,,,Detection,2024-05-01,,,True,,,AM,,,,,,2024-05-01T11:21:07.960000,False,0.10937883704900742,2024-05-01_205,R50D6,
,2024-05-01T11:22:05.970000,,,,Detection,2024-05-01,,,True,,,AM,,,,,,2024-05-01T11:22:05.970000,False,0.12854644656181335,2024-05-01_206,R50D6,
,2024-05-01T11:25:08.040000,,,,Detection,2024-05-01,,,True,,,AM,,,,,,2024-05-01T11:25:08.040000,False,0.6199586391448975,2024-05-01_207,R50D6,
,2024-05-01T11:39:21.130000,,,,Detection,2024-05-01,,,True,,,AM,,,,,,2024-05-01T11:39:21.130000,False,0.15967561304569244,2024-05-01_208,R50D6,
,2024-05-01T11:39:22.100000,,,,Detection,2024-05-01,,,True,,,AM,,,,,,2024-05-01T11:39:22.100000,False,0.20306207239627838,2024-05-01_209,R50D6,
,2024-05-01T11:40:59.200000,,,,Detection,2024-05-01,,,True,,,AM,,,,,,2024-05-01T11:40:59.200000,False,0.2816542387008667,2024-05-01_210,R50D6,
,2024-05-01T11:44:38.010000,,,,Detection,2024-05-01,,,True,,,AM,,,,,,2024-05-01T11:44:38.010000,False,0.40662485361099243,2024-05-01_211,R50D6,
,2024-05-01T11:47:36.010000,,,,Detection,2024-05-01,,,True,,,AM,,,,,,2024-05-01T11:47:36.010000,False,0.8291465044021606,2024-05-01_212,R50D6,
,2024-05-01T12:01:28.350000,,,,Detection,2024-05-01,,,True,,,AM,,,,,,2024-05-01T12:01:28.350000,False,0.15069377422332764,2024-05-01_213,R50D6,
,2024-05-01T12:14:08.010000,,,,Detection,2024-05-01,,,True,,,AM,,,,,,2024-05-01T12:14:08.010000,False,0.7884144186973572,2024-05-01_214,R50D6,
,2024-05-01T12:14:52.390000,,,,Detection,2024-05-01,,,True,,,AM,,,,,,2024-05-01T12:14:52.390000,False,0.25472044944763184,2024-05-01_215,R50D6,
,2024-05-01T12:15:46.840000,,,,Detection,2024-05-01,,,True,,,AM,,,,,,2024-05-01T12:15:46.840000,False,0.10011090338230133,2024-05-01_216,R50D6,
,2024-05-01T12:21:07.020000,,,,Detection,2024-05-01,,,True,,,AM,,,,,,2024-05-01T12:21:07.020000,False,0.8046079874038696,2024-05-01_217,R50D6,
,2024-05-01T12:22:05,,,,Detection,2024-05-01,,,True,,,AM,,,,,,2024-05-01T12:22:05,False,0.3142078220844269,2024-05-01_218,R50D6,
,2024-05-01T12:26:05.980000,,,,Detection,2024-05-01,,,True,,,AM,,,,,,2024-05-01T12:26:05.980000,False,0.23448193073272705,2024-05-01_219,R50D6,
,2024-05-01T12:26:06.980000,,,,Detection,2024-05-01,,,True,,,AM,,,,,,2024-05-01T12:26:06.980000,False,0.23848451673984528,2024-05-01_220,R50D6,
,2024-05-01T12:30:37.990000,,,,Detection,2024-05-01,,,True,,,AM,,,,,,2024-05-01T12:30:37.990000,False,0.10260612517595291,2024-05-01_221,R50D6,
,2024-05-01T12:31:19.090000,,,,Detection,2024-05-01,,,True,,,AM,,,,,,2024-05-01T12:31:19.090000,False,0.3324044346809387,2024-05-01_222,R50D6,
,2024-05-01T12:37:23.320000,,,,Detection,2024-05-01,,,True,,,AM,,,,,,2024-05-01T12:37:23.320000,False,0.2606815993785858,2024-05-01_223,R50D6,
,2024-05-01T12:37:51.940000,,,,Detection,2024-05-01,,,True,,,AM,,,,,,2024-05-01T12:37:51.940000,False,0.11415074020624161,2024-05-01_224,R50D6,
,2024-05-01T12:41:07.490000,,,,Detection,2024-05-01,,,True,,,AM,,,,,,2024-05-01T12:41:07.490000,False,0.31442734599113464,2024-05-01_225,R50D6,
,2024-05-01T12:45:49.050000,,,,Detection,2024-05-01,,,True,,,AM,,,,,,2024-05-01T12:45:49.050000,False,0.24087315797805786,2024-05-01_226,R50D6,
,2024-05-01T12:50:07.400000,,,,Detection,2024-05-01,,,True,,,AM,,,,,,2024-05-01T12:50:07.400000,False,0.21047864854335785,2024-05-01_227,R50D6,
,2024-05-01T12:54:43.290000,,,,Detection,2024-05-01,,,True,,,AM,,,,,,2024-05-01T12:54:43.290000,False,0.5203571319580078,2024-05-01_228,R50D6,
,2024-05-01T12:55:55.060000,,,,Detection,2024-05-01,,,True,,,AM,,,,,,2024-05-01T12:55:55.060000,False,0.2148335725069046,2024-05-01_229,R50D6,
,2024-05-01T13:01:42.330000,,,,Detection,2024-05-01,,,True,,,AM,,,,,,2024-05-01T13:01:42.330000,False,0.19249826669692993,2024-05-01_230,R50D6,
,2024-05-01T13:09:52.490000,,,,Detection,2024-05-01,,,True,,,AM,,,,,,2024-05-01T13:09:52.490000,False,0.6755298376083374,2024-05-01_231,R50D6,
,2024-05-01T13:15:05.010000,,,,Detection,2024-05-01,,,True,,,AM,,,,,,2024-05-01T13:15:05.010000,False,0.6798967123031616,2024-05-01_232,R50D6,
,2024-05-01T13:15:05.990000,,,,Detection,2024-05-01,,,True,,,AM,,,,,,2024-05-01T13:15:05.990000,False,0.19075646996498108,2024-05-01_233,R50D6,
,2024-05-01T13:15:37,,,,Detection,2024-05-01,,,True,,,AM,,,,,,2024-05-01T13:15:37,False,0.6136319041252136,2024-05-01_234,R50D6,
,2024-05-01T13:17:07.040000,,,,Detection,2024-05-01,,,True,,,AM,,,,,,2024-05-01T13:17:07.040000,False,0.15005306899547577,2024-05-01_235,R50D6,
,2024-05-01T13:20:10.960000,,,,Detection,2024-05-01,,,True,,,AM,,,,,,2024-05-01T13:20:10.960000,False,0.3156552016735077,2024-05-01_236,R50D6,
,2024-05-01T13:24:26.280000,,,,Detection,2024-05-01,,,True,,,AM,,,,,,2024-05-01T13:24:26.280000,False,0.45440247654914856,2024-05-01_237,R50D6,
,2024-05-01T13:25:02.130000,,,,Detection,2024-05-01,,,True,,,AM,,,,,,2024-05-01T13:25:02.130000,False,0.5526202917098999,2024-05-01_238,R50D6,
,2024-05-01T13:34:22.770000,,,,Detection,2024-05-01,,,True,,,AM,,,,,,2024-05-01T13:34:22.770000,False,0.10709770023822784,2024-05-01_239,R50D6,
,2024-05-01T13:41:36.990000,,,,Detection,2024-05-01,,,True,,,AM,,,,,,2024-05-01T13:41:36.990000,False,0.3381505608558655,2024-05-01_240,R50D6,
,2024-05-01T13:44:07.980000,,,,Detection,2024-05-01,,,True,,,AM,,,,,,2024-05-01T13:44:07.980000,False,0.2594809830188751,2024-05-01_241,R50D6,
,2024-05-01T13:45:37.670000,,,,Detection,2024-05-01,,,True,,,AM,,,,,,2024-05-01T13:45:37.670000,False,0.25828054547309875,2024-05-01_242,R50D6,
,2024-05-01T13:49:36.840000,,,,Detection,2024-05-01,,,True,,,AM,,,,,,2024-05-01T13:49:36.840000,False,0.35019123554229736,2024-05-01_243,R50D6,
,2024-05-01T13:51:08.500000,,,,Detection,2024-05-01,,,True,,,AM,,,,,,2024-05-01T13:51:08.500000,False,0.39375704526901245,2024-05-01_244,R50D6,
,2024-05-01T13:53:57.980000,,,,Detection,2024-05-01,,,True,,,AM,,,,,,2024-05-01T13:53:57.980000,False,0.4341968297958374,2024-05-01_245,R50D6,
,2024-05-01T13:55:40.860000,,,,Detection,2024-05-01,,,True,,,AM,,,,,,2024-05-01T13:55:40.860000,False,0.13472367823123932,2024-05-01_246,R50D6,
,2024-05-01T13:59:37.750000,,,,Detection,2024-05-01,,,True,,,AM,,,,,,2024-05-01T13:59:37.750000,False,0.13251923024654388,2024-05-01_247,R50D6,
,2024-05-01T14:01:07.910000,,,,Detection,2024-05-01,,,True,,,AM,,,,,,2024-05-01T14:01:07.910000,False,0.13548167049884796,2024-05-01_248,R50D6,
,2024-05-01T14:06:24,,,,Detection,2024-05-01,,,True,,,AM,,,,,,2024-05-01T14:06:24,False,0.46405109763145447,2024-05-01_249,R50D6,
,2024-05-01T14:21:36.390000,,,,Detection,2024-05-01,,,True,,,AM,,,,,,2024-05-01T14:21:36.390000,False,0.12830480933189392,2024-05-01_250,R50D6,
,2024-05-01T14:22:42.660000,,,,Detection,2024-05-01,,,True,,,AM,,,,,,2024-05-01T14:22:42.660000,False,0.11885378509759903,2024-05-01_251,R50D6,
,2024-05-01T14:24:36.990000,,,,Detection,2024-05-01,,,True,,,AM,,,,,,2024-05-01T14:24:36.990000,False,0.8202623128890991,2024-05-01_252,R50D6,
,2024-05-01T14:33:05,,,,Detection,2024-05-01,,,True,,,AM,,,,,,2024-05-01T14:33:05,False,0.33802706003189087,2024-05-01_253,R50D6,
,2024-05-01T14:33:06,,,,Detection,2024-05-01,,,True,,,AM,,,,,,2024-05-01T14:33:06,False,0.2733624279499054,2024-05-01_254,R50D6,
,2024-05-01T14:33:15.800000,,,,Detection,2024-05-01,,,True,,,AM,,,,,,2024-05-01T14:33:15.800000,False,0.24393129348754883,2024-05-01_255,R50D6,
,2024-05-01T15:02:51.490000,,,,Detection,2024-05-01,,,True,,,AM,,,,,,2024-05-01T15:02:51.490000,False,0.2027709186077118,2024-05-01_256,R50D6,
,2024-05-01T15:04:42.950000,,,,Detection,2024-05-01,,,True,,,AM,,,,,,2024-05-01T15:04:42.950000,False,0.13135315477848053,2024-05-01_257,R50D6,
,2024-05-01T15:16:18.210000,,,,Detection,2024-05-01,,,True,,,AM,,,,,,2024-05-01T15:16:18.210000,False,0.12496865540742874,2024-05-01_258,R50D6,
,2024-05-01T15:19:37,,,,Detection,2024-05-01,,,True,,,AM,,,,,,2024-05-01T15:19:37,False,0.2735452651977539,2024-05-01_259,R50D6,
,2024-05-01T15:19:38,,,,Detection,2024-05-01,,,True,,,AM,,,,,,2024-05-01T15:19:38,False,0.5350844264030457,2024-05-01_260,R50D6,
,2024-05-01T15:20:10.420000,,,,Detection,2024-05-01,,,True,,,AM,,,,,,2024-05-01T15:20:10.420000,False,0.19611766934394836,2024-05-01_261,R50D6,
,2024-05-01T15:30:37.990000,,,,Detection,2024-05-01,,,True,,,AM,,,,,,2024-05-01T15:30:37.990000,False,0.4409235715866089,2024-05-01_262,R50D6,
,2024-05-01T15:31:21.860000,,,,Detection,2024-05-01,,,True,,,AM,,,,,,2024-05-01T15:31:21.860000,False,0.19802260398864746,2024-05-01_263,R50D6,
,2024-05-01T15:35:50.380000,,,,Detection,2024-05-01,,,True,,,AM,,,,,,2024-05-01T15:35:50.380000,False,0.22913342714309692,2024-05-01_264,R50D6,
,2024-05-01T15:36:22.270000,,,,Detection,2024-05-01,,,True,,,AM,,,,,,2024-05-01T15:36:22.270000,False,0.1816675215959549,2024-05-01_265,R50D6,
,2024-05-01T15:40:08.160000,,,,Detection,2024-05-01,,,True,,,AM,,,,,,2024-05-01T15:40:08.160000,False,0.2418748289346695,2024-05-01_266,R50D6,
,2024-05-01T15:43:42.110000,,,,Detection,2024-05-01,,,True,,,AM,,,,,,2024-05-01T15:43:42.110000,False,0.22558768093585968,2024-05-01_267,R50D6,
,2024-05-01T15:47:36.200000,,,,Detection,2024-05-01,,,True,,,AM,,,,,,2024-05-01T15:47:36.200000,False,0.6340608596801758,2024-05-01_268,R50D6,
,2024-05-01T15:56:37.950000,,,,Detection,2024-05-01,,,True,,,AM,,,,,,2024-05-01T15:56:37.950000,False,0.21374283730983734,2024-05-01_269,R50D6,
,2024-05-01T15:59:36.550000,,,,Detection,2024-05-01,,,True,,,AM,,,,,,2024-05-01T15:59:36.550000,False,0.7284322381019592,2024-05-01_270,R50D6,
,2024-05-01T15:59:51.320000,,,,Detection,2024-05-01,,,True,,,AM,,,,,,2024-05-01T15:59:51.320000,False,0.28163790702819824,2024-05-01_271,R50D6,
,2024-05-01T16:00:20.950000,,,,Detection,2024-05-01,,,True,,,AM,,,,,,2024-05-01T16:00:20.950000,False,0.1293472796678543,2024-05-01_272,R50D6,
,2024-05-01T16:01:55.410000,,,,Detection,2024-05-01,,,True,,,AM,,,,,,2024-05-01T16:01:55.410000,False,0.2179805040359497,2024-05-01_273,R50D6,
,2024-05-01T16:02:13.930000,,,,Detection,2024-05-01,,,True,,,AM,,,,,,2024-05-01T16:02:13.930000,False,0.10484848916530609,2024-05-01_274,R50D6,
,2024-05-01T16:06:21.100000,,,,Detection,2024-05-01,,,True,,,AM,,,,,,2024-05-01T16:06:21.100000,False,0.16866332292556763,2024-05-01_275,R50D6,
,2024-05-01T16:06:27.160000,,,,Detection,2024-05-01,,,True,,,AM,,,,,,2024-05-01T16:06:27.160000,False,0.12296036630868912,2024-05-01_276,R50D6,
,2024-05-01T16:17:38,,,,Detection,2024-05-01,,,True,,,AM,,,,,,2024-05-01T16:17:38,False,0.3455928862094879,2024-05-01_277,R50D6,
,2024-05-01T16:17:39,,,,Detection,2024-05-01,,,True,,,AM,,,,,,2024-05-01T16:17:39,False,0.47885534167289734,2024-05-01_278,R50D6,
,2024-05-01T16:18:12.590000,,,,Detection,2024-05-01,,,True,,,AM,,,,,,2024-05-01T16:18:12.590000,False,0.22598138451576233,2024-05-01_279,R50D6,
,2024-05-01T16:20:10.980000,,,,Detection,2024-05-01,,,True,,,AM,,,,,,2024-05-01T16:20:10.980000,False,0.49781742691993713,2024-05-01_280,R50D6,
,2024-05-01T16:21:35.970000,,,,Detection,2024-05-01,,,True,,,AM,,,,,,2024-05-01T16:21:35.970000,False,0.4056769013404846,2024-05-01_281,R50D6,
,2024-05-01T16:24:51.590000,,,,Detection,2024-05-01,,,True,,,AM,,,,,,2024-05-01T16:24:51.590000,False,0.4623914659023285,2024-05-01_282,R50D6,
,2024-05-01T16:26:07.680000,,,,Detection,2024-05-01,,,True,,,AM,,,,,,2024-05-01T16:26:07.680000,False,0.16633233428001404,2024-05-01_283,R50D6,
,2024-05-01T16:33:25.350000,,,,Detection,2024-05-01,,,True,,,AM,,,,,,2024-05-01T16:33:25.350000,False,0.31220757961273193,2024-05-01_284,R50D6,
,2024-05-01T16:35:26.250000,,,,Detection,2024-05-01,,,True,,,AM,,,,,,2024-05-01T16:35:26.250000,False,0.1793460100889206,2024-05-01_285,R50D6,
,2024-05-01T16:35:52.150000,,,,Detection,2024-05-01,,,True,,,AM,,,,,,2024-05-01T16:35:52.150000,False,0.26990649104118347,2024-05-01_286,R50D6,
,2024-05-01T16:35:53.410000,,,,Detection,2024-05-01,,,True,,,AM,,,,,,2024-05-01T16:35:53.410000,False,0.25192195177078247,2024-05-01_287,R50D6,
,2024-05-01T16:39:52.160000,,,,Detection,2024-05-01,,,True,,,AM,,,,,,2024-05-01T16:39:52.160000,False,0.2929341495037079,2024-05-01_288,R50D6,
,2024-05-01T16:45:52.080000,,,,Detection,2024-05-01,,,True,,,AM,,,,,,2024-05-01T16:45:52.080000,False,0.10900583863258362,2024-05-01_289,R50D6,
,2024-05-01T16:45:53.070000,,,,Detection,2024-05-01,,,True,,,AM,,,,,,2024-05-01T16:45:53.070000,False,0.11216746270656586,2024-05-01_290,R50D6,
,2024-05-01T16:46:07.030000,,,,Detection,2024-05-01,,,True,,,AM,,,,,,2024-05-01T16:46:07.030000,False,0.1171063631772995,2024-05-01_291,R50D6,
,2024-05-01T16:46:08.040000,,,,Detection,2024-05-01,,,True,,,AM,,,,,,2024-05-01T16:46:08.040000,False,0.3138134777545929,2024-05-01_292,R50D6,
,2024-05-01T16:49:06.990000,,,,Detection,2024-05-01,,,True,,,AM,,,,,,2024-05-01T16:49:06.990000,False,0.5900678038597107,2024-05-01_293,R50D6,
,2024-05-01T16:51:23.760000,,,,Detection,2024-05-01,,,True,,,AM,,,,,,2024-05-01T16:51:23.760000,False,0.5137982964515686,2024-05-01_294,R50D6,
,2024-05-01T16:58:06.110000,,,,Detection,2024-05-01,,,True,,,AM,,,,,,2024-05-01T16:58:06.110000,False,0.5339542627334595,2024-05-01_295,R50D6,
,2024-05-01T17:05:41.280000,,,,Detection,2024-05-01,,,True,,,AM,,,,,,2024-05-01T17:05:41.280000,False,0.8079324960708618,2024-05-01_296,R50D6,
,2024-05-01T17:18:05.960000,,,,Detection,2024-05-01,,,True,,,AM,,,,,,2024-05-01T17:18:05.960000,False,0.16974489390850067,2024-05-01_297,R50D6,
,2024-05-01T17:21:34.030000,,,,Detection,2024-05-01,,,True,,,AM,,,,,,2024-05-01T17:21:34.030000,False,0.1793927252292633,2024-05-01_298,R50D6,
,2024-05-01T17:24:07.940000,,,,Detection,2024-05-01,,,True,,,AM,,,,,,2024-05-01T17:24:07.940000,False,0.427760511636734,2024-05-01_299,R50D6,
,2024-05-01T17:24:32.850000,,,,Detection,2024-05-01,,,True,,,AM,,,,,,2024-05-01T17:24:32.850000,False,0.18047425150871277,2024-05-01_300,R50D6,
,2024-05-01T17:26:37.990000,,,,Detection,2024-05-01,,,True,,,AM,,,,,,2024-05-01T17:26:37.990000,False,0.30823618173599243,2024-05-01_301,R50D6,
,2024-05-01T17:34:21.070000,,,,Detection,2024-05-01,,,True,,,AM,,,,,,2024-05-01T17:34:21.070000,False,0.17983178794384003,2024-05-01_302,R50D6,
,2024-05-01T17:34:22.070000,,,,Detection,2024-05-01,,,True,,,AM,,,,,,2024-05-01T17:34:22.070000,False,0.10775399208068848,2024-05-01_303,R50D6,
,2024-05-01T17:34:23.020000,,,,Detection,2024-05-01,,,True,,,AM,,,,,,2024-05-01T17:34:23.020000,False,0.1779579371213913,2024-05-01_304,R50D6,
,2024-05-01T17:36:14.130000,,,,Detection,2024-05-01,,,True,,,AM,,,,,,2024-05-01T17:36:14.130000,False,0.13788722455501556,2024-05-01_305,R50D6,
,2024-05-01T17:36:54.780000,,,,Detection,2024-05-01,,,True,,,AM,,,,,,2024-05-01T17:36:54.780000,False,0.7208172082901001,2024-05-01_306,R50D6,
,2024-05-01T17:43:40.480000,,,,Detection,2024-05-01,,,True,,,AM,,,,,,2024-05-01T17:43:40.480000,False,0.2955174744129181,2024-05-01_307,R50D6,
,2024-05-01T17:44:05.670000,,,,Detection,2024-05-01,,,True,,,AM,,,,,,2024-05-01T17:44:05.670000,False,0.2225087434053421,2024-05-01_308,R50D6,
,2024-05-01T17:47:37.960000,,,,Detection,2024-05-01,,,True,,,AM,,,,,,2024-05-01T17:47:37.960000,False,0.11525039374828339,2024-05-01_309,R50D6,
,2024-05-01T17:54:37.010000,,,,Detection,2024-05-01,,,True,,,AM,,,,,,2024-05-01T17:54:37.010000,False,0.45283451676368713,2024-05-01_310,R50D6,
,2024-05-01T17:58:28.050000,,,,Detection,2024-05-01,,,True,,,AM,,,,,,2024-05-01T17:58:28.050000,False,0.1897089034318924,2024-05-01_311,R50D6,
,2024-05-01T18:11:00.610000,,,,Detection,2024-05-01,,,True,,,AM,,,,,,2024-05-01T18:11:00.610000,False,0.4529949724674225,2024-05-01_312,R50D6,
,2024-05-01T18:12:54.170000,,,,Detection,2024-05-01,,,True,,,AM,,,,,,2024-05-01T18:12:54.170000,False,0.595841646194458,2024-05-01_313,R50D6,
,2024-05-01T18:14:23.150000,,,,Detection,2024-05-01,,,True,,,AM,,,,,,2024-05-01T18:14:23.150000,False,0.12027588486671448,2024-05-01_314,R50D6,
,2024-05-01T18:22:41.890000,,,,Detection,2024-05-01,,,True,,,AM,,,,,,2024-05-01T18:22:41.890000,False,0.4948812425136566,2024-05-01_315,R50D6,
,2024-05-01T18:23:21.530000,,,,Detection,2024-05-01,,,True,,,AM,,,,,,2024-05-01T18:23:21.530000,False,0.16598641872406006,2024-05-01_316,R50D6,
,2024-05-01T18:25:07,,,,Detection,2024-05-01,,,True,,,AM,,,,,,2024-05-01T18:25:07,False,0.6797055602073669,2024-05-01_317,R50D6,
,2024-05-01T18:25:38,,,,Detection,2024-05-01,,,True,,,AM,,,,,,2024-05-01T18:25:38,False,0.7176150679588318,2024-05-01_318,R50D6,
,2024-05-01T18:25:38.990000,,,,Detection,2024-05-01,,,True,,,AM,,,,,,2024-05-01T18:25:38.990000,False,0.11590072512626648,2024-05-01_319,R50D6,
,2024-05-01T18:27:28.360000,,,,Detection,2024-05-01,,,True,,,AM,,,,,,2024-05-01T18:27:28.360000,False,0.1392313838005066,2024-05-01_320,R50D6,
,2024-05-01T18:28:08,,,,Detection,2024-05-01,,,True,,,AM,,,,,,2024-05-01T18:28:08,False,0.6080436706542969,2024-05-01_321,R50D6,
,2024-05-01T18:29:09.930000,,,,Detection,2024-05-01,,,True,,,AM,,,,,,2024-05-01T18:29:09.930000,False,0.19410434365272522,2024-05-01_322,R50D6,
,2024-05-01T18:29:53.120000,,,,Detection,2024-05-01,,,True,,,AM,,,,,,2024-05-01T18:29:53.120000,False,0.11454159021377563,2024-05-01_323,R50D6,
,2024-05-01T18:31:37.950000,,,,Detection,2024-05-01,,,True,,,AM,,,,,,2024-05-01T18:31:37.950000,False,0.1390330046415329,2024-05-01_324,R50D6,
,2024-05-01T18:34:52.570000,,,,Detection,2024-05-01,,,True,,,AM,,,,,,2024-05-01T18:34:52.570000,False,0.6056916117668152,2024-05-01_325,R50D6,
,2024-05-01T18:37:47.590000,,,,Detection,2024-05-01,,,True,,,AM,,,,,,2024-05-01T18:37:47.590000,False,0.10300832241773605,2024-05-01_326,R50D6,
,2024-05-01T18:38:14.050000,,,,Detection,2024-05-01,,,True,,,AM,,,,,,2024-05-01T18:38:14.050000,False,0.26957210898399353,2024-05-01_327,R50D6,
,2024-05-01T18:46:22.870000,,,,Detection,2024-05-01,,,True,,,AM,,,,,,2024-05-01T18:46:22.870000,False,0.14898185431957245,2024-05-01_328,R50D6,
,2024-05-01T18:46:29.040000,,,,Detection,2024-05-01,,,True,,,AM,,,,,,2024-05-01T18:46:29.040000,False,0.11879225075244904,2024-05-01_329,R50D6,
,2024-05-01T18:47:52.700000,,,,Detection,2024-05-01,,,True,,,AM,,,,,,2024-05-01T18:47:52.700000,False,0.1448865830898285,2024-05-01_330,R50D6,
,2024-05-01T18:50:57.710000,,,,Detection,2024-05-01,,,True,,,AM,,,,,,2024-05-01T18:50:57.710000,False,0.4651828110218048,2024-05-01_331,R50D6,
,2024-05-01T18:52:38.060000,,,,Detection,2024-05-01,,,True,,,AM,,,,,,2024-05-01T18:52:38.060000,False,0.10203102231025696,2024-05-01_332,R50D6,
,2024-05-01T18:55:13.730000,,,,Detection,2024-05-01,,,True,,,AM,,,,,,2024-05-01T18:55:13.730000,False,0.5222194194793701,2024-05-01_333,R50D6,
,2024-05-01T18:55:43.030000,,,,Detection,2024-05-01,,,True,,,AM,,,,,,2024-05-01T18:55:43.030000,False,0.18903642892837524,2024-05-01_334,R50D6,
,2024-05-01T19:00:22.970000,,,,Detection,2024-05-01,,,True,,,AM,,,,,,2024-05-01T19:00:22.970000,False,0.2925947606563568,2024-05-01_335,R50D6,
,2024-05-01T19:02:18.910000,,,,Detection,2024-05-01,,,True,,,AM,,,,,,2024-05-01T19:02:18.910000,False,0.48530328273773193,2024-05-01_336,R50D6,
,2024-05-01T19:04:35.040000,,,,Detection,2024-05-01,,,True,,,AM,,,,,,2024-05-01T19:04:35.040000,False,0.285149484872818,2024-05-01_337,R50D6,
,2024-05-01T19:04:35.980000,,,,Detection,2024-05-01,,,True,,,AM,,,,,,2024-05-01T19:04:35.980000,False,0.14091752469539642,2024-05-01_338,R50D6,
,2024-05-01T19:05:08.960000,,,,Detection,2024-05-01,,,True,,,AM,,,,,,2024-05-01T19:05:08.960000,False,0.21230219304561615,2024-05-01_339,R50D6,
,2024-05-01T19:12:08.480000,,,,Detection,2024-05-01,,,True,,,AM,,,,,,2024-05-01T19:12:08.480000,False,0.24053722620010376,2024-05-01_340,R50D6,
,2024-05-01T19:15:19.970000,,,,Detection,2024-05-01,,,True,,,AM,,,,,,2024-05-01T19:15:19.970000,False,0.11525190621614456,2024-05-01_341,R50D6,
,2024-05-01T19:15:48.930000,,,,Detection,2024-05-01,,,True,,,AM,,,,,,2024-05-01T19:15:48.930000,False,0.10355203598737717,2024-05-01_342,R50D6,
,2024-05-01T19:23:26.100000,,,,Detection,2024-05-01,,,True,,,AM,,,,,,2024-05-01T19:23:26.100000,False,0.5286428332328796,2024-05-01_343,R50D6,
,2024-05-01T19:38:02.030000,,,,Detection,2024-05-01,,,True,,,AM,,,,,,2024-05-01T19:38:02.030000,False,0.124223493039608,2024-05-01_344,R50D6,
,2024-05-01T19:39:27.210000,,,,Detection,2024-05-01,,,True,,,AM,,,,,,2024-05-01T19:39:27.210000,False,0.12107719480991364,2024-05-01_345,R50D6,
,2024-05-01T19:41:22.680000,,,,Detection,2024-05-01,,,True,,,AM,,,,,,2024-05-01T19:41:22.680000,False,0.1387968361377716,2024-05-01_346,R50D6,
,2024-05-01T19:42:50.150000,,,,Detection,2024-05-01,,,True,,,AM,,,,,,2024-05-01T19:42:50.150000,False,0.1683349758386612,2024-05-01_347,R50D6,
,2024-05-01T19:45:57.890000,,,,Detection,2024-05-01,,,True,,,AM,,,,,,2024-05-01T19:45:57.890000,False,0.19238243997097015,2024-05-01_348,R50D6,
,2024-05-01T19:46:52.970000,,,,Detection,2024-05-01,,,True,,,AM,,,,,,2024-05-01T19:46:52.970000,False,0.18685738742351532,2024-05-01_349,R50D6,
,2024-05-01T19:48:50.090000,,,,Detection,2024-05-01,,,True,,,AM,,,,,,2024-05-01T19:48:50.090000,False,0.21990925073623657,2024-05-01_350,R50D6,
,2024-05-01T19:49:22.390000,,,,Detection,2024-05-01,,,True,,,AM,,,,,,2024-05-01T19:49:22.390000,False,0.11138322949409485,2024-05-01_351,R50D6,
,2024-05-01T19:58:00.790000,,,,Detection,2024-05-01,,,True,,,AM,,,,,,2024-05-01T19:58:00.790000,False,0.28009653091430664,2024-05-01_352,R50D6,
,2024-05-01T19:59:37.580000,,,,Detection,2024-05-01,,,True,,,AM,,,,,,2024-05-01T19:59:37.580000,False,0.48167428374290466,2024-05-01_353,R50D6,
,2024-05-01T20:03:51.950000,,,,Detection,2024-05-01,,,True,,,AM,,,,,,2024-05-01T20:03:51.950000,False,0.18458659946918488,2024-05-01_354,R50D6,
,2024-05-01T20:05:07.110000,,,,Detection,2024-05-01,,,True,,,AM,,,,,,2024-05-01T20:05:07.110000,False,0.21830113232135773,2024-05-01_355,R50D6,
,2024-05-01T20:05:42.810000,,,,Detection,2024-05-01,,,True,,,AM,,,,,,2024-05-01T20:05:42.810000,False,0.2600442171096802,2024-05-01_356,R50D6,
,2024-05-01T20:06:37,,,,Detection,2024-05-01,,,True,,,AM,,,,,,2024-05-01T20:06:37,False,0.8683681488037109,2024-05-01_357,R50D6,
,2024-05-01T20:07:08.030000,,,,Detection,2024-05-01,,,True,,,AM,,,,,,2024-05-01T20:07:08.030000,False,0.5378369688987732,2024-05-01_358,R50D6,
,2024-05-01T20:07:09.020000,,,,Detection,2024-05-01,,,True,,,AM,,,,,,2024-05-01T20:07:09.020000,False,0.10760343819856644,2024-05-01_359,R50D6,
,2024-05-01T20:08:09.970000,,,,Detection,2024-05-01,,,True,,,AM,,,,,,2024-05-01T20:08:09.970000,False,0.1341545730829239,2024-05-01_360,R50D6,
,2024-05-01T20:08:10.990000,,,,Detection,2024-05-01,,,True,,,AM,,,,,,2024-05-01T20:08:10.990000,False,0.425401508808136,2024-05-01_361,R50D6,
,2024-05-01T20:08:36.030000,,,,Detection,2024-05-01,,,True,,,AM,,,,,,2024-05-01T20:08:36.030000,False,0.42272377014160156,2024-05-01_362,R50D6,
,2024-05-01T20:15:36,,,,Detection,2024-05-01,,,True,,,AM,,,,,,2024-05-01T20:15:36,False,0.5922150015830994,2024-05-01_363,R50D6,
,2024-05-01T20:15:36.970000,,,,Detection,2024-05-01,,,True,,,AM,,,,,,2024-05-01T20:15:36.970000,False,0.10790050029754639,2024-05-01_364,R50D6,
,2024-05-01T20:16:35.980000,,,,Detection,2024-05-01,,,True,,,AM,,,,,,2024-05-01T20:16:35.980000,False,0.13159093260765076,2024-05-01_365,R50D6,
,2024-05-01T20:16:36.980000,,,,Detection,2024-05-01,,,True,,,AM,,,,,,2024-05-01T20:16:36.980000,False,0.15114855766296387,2024-05-01_366,R50D6,
,2024-05-01T20:16:38,,,,Detection,2024-05-01,,,True,,,AM,,,,,,2024-05-01T20:16:38,False,0.26656925678253174,2024-05-01_367,R50D6,
,2024-05-01T20:16:51.810000,,,,Detection,2024-05-01,,,True,,,AM,,,,,,2024-05-01T20:16:51.810000,False,0.4573001563549042,2024-05-01_368,R50D6,
,2024-05-01T20:28:43.270000,,,,Detection,2024-05-01,,,True,,,AM,,,,,,2024-05-01T20:28:43.270000,False,0.22108030319213867,2024-05-01_369,R50D6,
,2024-05-01T20:29:38,,,,Detection,2024-05-01,,,True,,,AM,,,,,,2024-05-01T20:29:38,False,0.7317771911621094,2024-05-01_370,R50D6,
,2024-05-01T20:29:53.090000,,,,Detection,2024-05-01,,,True,,,AM,,,,,,2024-05-01T20:29:53.090000,False,0.11663345992565155,2024-05-01_371,R50D6,
,2024-05-01T20:32:51.100000,,,,Detection,2024-05-01,,,True,,,AM,,,,,,2024-05-01T20:32:51.100000,False,0.13537052273750305,2024-05-01_372,R50D6,
,2024-05-01T20:32:52.020000,,,,Detection,2024-05-01,,,True,,,AM,,,,,,2024-05-01T20:32:52.020000,False,0.15429091453552246,2024-05-01_373,R50D6,
,2024-05-01T20:46:28.230000,,,,Detection,2024-05-01,,,True,,,AM,,,,,,2024-05-01T20:46:28.230000,False,0.13283725082874298,2024-05-01_374,R50D6,
,2024-05-01T20:49:49.160000,,,,Detection,2024-05-01,,,True,,,AM,,,,,,2024-05-01T20:49:49.160000,False,0.20743654668331146,2024-05-01_375,R50D6,
,2024-05-01T20:49:50.140000,,,,Detection,2024-05-01,,,True,,,AM,,,,,,2024-05-01T20:49:50.140000,False,0.16392841935157776,2024-05-01_376,R50D6,
,2024-05-01T20:52:06,,,,Detection,2024-05-01,,,True,,,AM,,,,,,2024-05-01T20:52:06,False,0.5217916965484619,2024-05-01_377,R50D6,
,2024-05-01T20:59:37.990000,,,,Detection,2024-05-01,,,True,,,AM,,,,,,2024-05-01T20:59:37.990000,False,0.40716323256492615,2024-05-01_378,R50D6,
,2024-05-01T21:02:43.210000,,,,Detection,2024-05-01,,,True,,,AM,,,,,,2024-05-01T21:02:43.210000,False,0.2038831263780594,2024-05-01_379,R50D6,
,2024-05-01T21:03:53.040000,,,,Detection,2024-05-01,,,True,,,AM,,,,,,2024-05-01T21:03:53.040000,False,0.25146567821502686,2024-05-01_380,R50D6,
,2024-05-01T21:04:22.940000,,,,Detection,2024-05-01,,,True,,,AM,,,,,,2024-05-01T21:04:22.940000,False,0.17443321645259857,2024-05-01_381,R50D6,
,2024-05-01T21:05:10.990000,,,,Detection,2024-05-01,,,True,,,AM,,,,,,2024-05-01T21:05:10.990000,False,0.3012685775756836,2024-05-01_382,R50D6,
,2024-05-01T21:21:07.010000,,,,Detection,2024-05-01,,,True,,,AM,,,,,,2024-05-01T21:21:07.010000,False,0.9144256711006165,2024-05-01_383,R50D6,
,2024-05-01T21:21:42.950000,,,,Detection,2024-05-01,,,True,,,AM,,,,,,2024-05-01T21:21:42.950000,False,0.5903131365776062,2024-05-01_384,R50D6,
,2024-05-01T21:27:53.690000,,,,Detection,2024-05-01,,,True,,,AM,,,,,,2024-05-01T21:27:53.690000,False,0.22937636077404022,2024-05-01_385,R50D6,
,2024-05-01T21:32:24.710000,,,,Detection,2024-05-01,,,True,,,AM,,,,,,2024-05-01T21:32:24.710000,False,0.14327991008758545,2024-05-01_386,R50D6,
,2024-05-01T21:34:28.170000,,,,Detection,2024-05-01,,,True,,,AM,,,,,,2024-05-01T21:34:28.170000,False,0.10015169531106949,2024-05-01_387,R50D6,
,2024-05-01T21:34:40.540000,,,,Detection,2024-05-01,,,True,,,AM,,,,,,2024-05-01T21:34:40.540000,False,0.27047425508499146,2024-05-01_388,R50D6,
,2024-05-01T21:37:47.240000,,,,Detection,2024-05-01,,,True,,,AM,,,,,,2024-05-01T21:37:47.240000,False,0.24666625261306763,2024-05-01_389,R50D6,
,2024-05-01T21:37:53.920000,,,,Detection,2024-05-01,,,True,,,AM,,,,,,2024-05-01T21:37:53.920000,False,0.14157573878765106,2024-05-01_390,R50D6,
,2024-05-01T21:38:18.760000,,,,Detection,2024-05-01,,,True,,,AM,,,,,,2024-05-01T21:38:18.760000,False,0.11675383150577545,2024-05-01_391,R50D6,
,2024-05-01T21:38:19.890000,,,,Detection,2024-05-01,,,True,,,AM,,,,,,2024-05-01T21:38:19.890000,False,0.3414537310600281,2024-05-01_392,R50D6,
,2024-05-01T21:39:15.910000,,,,Detection,2024-05-01,,,True,,,AM,,,,,,2024-05-01T21:39:15.910000,False,0.4455219507217407,2024-05-01_393,R50D6,
,2024-05-01T21:41:06,,,,Detection,2024-05-01,,,True,,,AM,,,,,,2024-05-01T21:41:06,False,0.5484361052513123,2024-05-01_394,R50D6,
,2024-05-01T21:46:35.030000,,,,Detection,2024-05-01,,,True,,,AM,,,,,,2024-05-01T21:46:35.030000,False,0.3791869282722473,2024-05-01_395,R50D6,
,2024-05-01T22:04:13.320000,,,,Detection,2024-05-01,,,True,,,AM,,,,,,2024-05-01T22:04:13.320000,False,0.14981204271316528,2024-05-01_396,R50D6,
,2024-05-01T22:15:25.260000,,,,Detection,2024-05-01,,,True,,,AM,,,,,,2024-05-01T22:15:25.260000,False,0.2338908612728119,2024-05-01_397,R50D6,
,2024-05-01T22:18:36,,,,Detection,2024-05-01,,,True,,,AM,,,,,,2024-05-01T22:18:36,False,0.3923124372959137,2024-05-01_398,R50D6,
,2024-05-01T22:18:37,,,,Detection,2024-05-01,,,True,,,AM,,,,,,2024-05-01T22:18:37,False,0.33399516344070435,2024-05-01_399,R50D6,
,2024-05-01T22:19:13.580000,,,,Detection,2024-05-01,,,True,,,AM,,,,,,2024-05-01T22:19:13.580000,False,0.11628363281488419,2024-05-01_400,R50D6,
,2024-05-01T22:22:35.980000,,,,Detection,2024-05-01,,,True,,,AM,,,,,,2024-05-01T22:22:35.980000,False,0.16551119089126587,2024-05-01_401,R50D6,
,2024-05-01T22:27:07.970000,,,,Detection,2024-05-01,,,True,,,AM,,,,,,2024-05-01T22:27:07.970000,False,0.3036503195762634,2024-05-01_402,R50D6,
,2024-05-01T22:27:53.070000,,,,Detection,2024-05-01,,,True,,,AM,,,,,,2024-05-01T22:27:53.070000,False,0.15590795874595642,2024-05-01_403,R50D6,
,2024-05-01T22:29:53.210000,,,,Detection,2024-05-01,,,True,,,AM,,,,,,2024-05-01T22:29:53.210000,False,0.24866646528244019,2024-05-01_404,R50D6,
,2024-05-01T22:30:06,,,,Detection,2024-05-01,,,True,,,AM,,,,,,2024-05-01T22:30:06,False,0.11591785401105881,2024-05-01_405,R50D6,
,2024-05-01T22:30:06.960000,,,,Detection,2024-05-01,,,True,,,AM,,,,,,2024-05-01T22:30:06.960000,False,0.18091221153736115,2024-05-01_406,R50D6,
,2024-05-01T22:30:07.970000,,,,Detection,2024-05-01,,,True,,,AM,,,,,,2024-05-01T22:30:07.970000,False,0.14119848608970642,2024-05-01_407,R50D6,
,2024-05-01T22:33:38.040000,,,,Detection,2024-05-01,,,True,,,AM,,,,,,2024-05-01T22:33:38.040000,False,0.3468881845474243,2024-05-01_408,R50D6,
,2024-05-01T22:43:02.140000,,,,Detection,2024-05-01,,,True,,,AM,,,,,,2024-05-01T22:43:02.140000,False,0.28531238436698914,2024-05-01_409,R50D6,
,2024-05-01T22:43:50.940000,,,,Detection,2024-05-01,,,True,,,AM,,,,,,2024-05-01T22:43:50.940000,False,0.6591045260429382,2024-05-01_410,R50D6,
,2024-05-01T22:48:53.750000,,,,Detection,2024-05-01,,,True,,,AM,,,,,,2024-05-01T22:48:53.750000,False,0.14570757746696472,2024-05-01_411,R50D6,
,2024-05-01T22:49:22.020000,,,,Detection,2024-05-01,,,True,,,AM,,,,,,2024-05-01T22:49:22.020000,False,0.5545846223831177,2024-05-01_412,R50D6,
,2024-05-01T22:49:52.150000,,,,Detection,2024-05-01,,,True,,,AM,,,,,,2024-05-01T22:49:52.150000,False,0.18985074758529663,2024-05-01_413,R50D6,
,2024-05-01T22:51:18.290000,,,,Detection,2024-05-01,,,True,,,AM,,,,,,2024-05-01T22:51:18.290000,False,0.10896573960781097,2024-05-01_414,R50D6,
,2024-05-01T22:55:22.690000,,,,Detection,2024-05-01,,,True,,,AM,,,,,,2024-05-01T22:55:22.690000,False,0.15800945460796356,2024-05-01_415,R50D6,
,2024-05-01T23:01:03.960000,,,,Detection,2024-05-01,,,True,,,AM,,,,,,2024-05-01T23:01:03.960000,False,0.2527722120285034,2024-05-01_416,R50D6,
,2024-05-01T23:01:05,,,,Detection,2024-05-01,,,True,,,AM,,,,,,2024-05-01T23:01:05,False,0.1352844089269638,2024-05-01_417,R50D6,
,2024-05-01T23:01:38.970000,,,,Detection,2024-05-01,,,True,,,AM,,,,,,2024-05-01T23:01:38.970000,False,0.24820610880851746,2024-05-01_418,R50D6,
,2024-05-01T23:01:48.230000,,,,Detection,2024-05-01,,,True,,,AM,,,,,,2024-05-01T23:01:48.230000,False,0.10164318233728409,2024-05-01_419,R50D6,
,2024-05-01T23:06:16.880000,,,,Detection,2024-05-01,,,True,,,AM,,,,,,2024-05-01T23:06:16.880000,False,0.6542757749557495,2024-05-01_420,R50D6,
,2024-05-01T23:09:23.080000,,,,Detection,2024-05-01,,,True,,,AM,,,,,,2024-05-01T23:09:23.080000,False,0.16201378405094147,2024-05-01_421,R50D6,
,2024-05-01T23:09:50.030000,,,,Detection,2024-05-01,,,True,,,AM,,,,,,2024-05-01T23:09:50.030000,False,0.6662353277206421,2024-05-01_422,R50D6,
,2024-05-01T23:10:13.520000,,,,Detection,2024-05-01,,,True,,,AM,,,,,,2024-05-01T23:10:13.520000,False,0.285103440284729,2024-05-01_423,R50D6,
,2024-05-01T23:11:37.980000,,,,Detection,2024-05-01,,,True,,,AM,,,,,,2024-05-01T23:11:37.980000,False,0.40554487705230713,2024-05-01_424,R50D6,
,2024-05-01T23:11:39,,,,Detection,2024-05-01,,,True,,,AM,,,,,,2024-05-01T23:11:39,False,0.461995929479599,2024-05-01_425,R50D6,
,2024-05-01T23:14:25.460000,,,,Detection,2024-05-01,,,True,,,AM,,,,,,2024-05-01T23:14:25.460000,False,0.23114348948001862,2024-05-01_426,R50D6,
,2024-05-01T23:22:06.980000,,,,Detection,2024-05-01,,,True,,,AM,,,,,,2024-05-01T23:22:06.980000,False,0.3625918924808502,2024-05-01_427,R50D6,
,2024-05-01T23:33:36.540000,,,,Detection,2024-05-01,,,True,,,AM,,,,,,2024-05-01T23:33:36.540000,False,0.18377576768398285,2024-05-01_428,R50D6,
,2024-05-01T23:41:52.080000,,,,Detection,2024-05-01,,,True,,,AM,,,,,,2024-05-01T23:41:52.080000,False,0.47885921597480774,2024-05-01_429,R50D6,
,2024-05-01T23:41:53.070000,,,,Detection,2024-05-01,,,True,,,AM,,,,,,2024-05-01T23:41:53.070000,False,0.21728838980197906,2024-05-01_430,R50D6,
,2024-05-01T23:45:21.070000,,,,Detection,2024-05-01,,,True,,,AM,,,,,,2024-05-01T23:45:21.070000,False,0.8827046751976013,2024-05-01_431,R50D6,
,2024-05-01T23:49:37.490000,,,,Detection,2024-05-01,,,True,,,AM,,,,,,2024-05-01T23:49:37.490000,False,0.14185115694999695,2024-05-01_432,R50D6,
,2024-05-01T23:57:07.020000,,,,Detection,2024-05-01,,,True,,,AM,,,,,,2024-05-01T23:57:07.020000,False,0.8129704594612122,2024-05-01_433,R50D6,
,2024-05-01T23:59:23.210000,,,,Detection,2024-05-01,,,True,,,AM,,,,,,2024-05-01T23:59:23.210000,False,0.5777915120124817,2024-05-01_434,R50D6,
,2024-05-02T00:02:47.290000,,,,Detection,2024-05-01,,,True,,,AM,,,,,,2024-05-02T00:02:47.290000,False,0.2158302366733551,2024-05-01_435,R50D6,
