p_detected,s_error,s_confidence,date,code,s_predicted,depth,long,event_id,network,mag,lat,s_detected,time,unique_id,plot_path,mag_type,catalogued,p_confidence,epi_distance,detected,provider,p_error,p_predicted
2024-07-01T20:10:53.100000,,,2024-07-01,R50D6,2024-07-01T20:20:40.175780,54.0,149.915,smi:org.gfz-potsdam.de/geofon/gfz2024mwbc,AM,4.88,45.088,,2024-07-01T19:58:50,2024-07-01_106,"https://github.com/Repository(full_name=""QingyuanZhangTony/test"")/raw/main/data\AM.R50D6/2024-07-01/report/2024-07-01_106_event_plot.png?raw=true",mb,True,0.45172417163848877,8590.62436826197,True,GFZ,5.731082,2024-07-01T20:10:47.368918
2024-07-01T17:20:50.560000,,,2024-07-01,R50D6,2024-07-01T17:28:57.678779,10.0,51.896,smi:org.gfz-potsdam.de/geofon/gfz2024mvvo,AM,4.78,14.094,,2024-07-01T17:11:02.830000,2024-07-01_107,"https://github.com/Repository(full_name=""QingyuanZhangTony/test"")/raw/main/data\AM.R50D6/2024-07-01/report/2024-07-01_107_event_plot.png?raw=true",mb,True,0.5057298541069031,6433.1415294837825,True,GFZ,-5.620316,2024-07-01T17:20:56.180316
2024-07-01T10:30:06.490000,,,2024-07-01,R50D6,2024-07-01T10:37:37.626383,35.0,73.35,smi:org.gfz-potsdam.de/geofon/gfz2024mvib,AM,4.67,37.817,,2024-07-01T10:21:03.420000,2024-07-01_108,"https://github.com/Repository(full_name=""QingyuanZhangTony/test"")/raw/main/data\AM.R50D6/2024-07-01/report/2024-07-01_108_event_plot.png?raw=true",mb,True,0.40285488963127136,5751.450207951973,True,GFZ,-6.769371,2024-07-01T10:30:13.259371
2024-07-01T00:00:07.960000,,,2024-07-01,R50D6,,,,,AM,,,,2024-07-01T00:00:07.960000,2024-07-01_04,,,False,0.3338204622268677,,True,Detection,,
2024-07-01T00:02:23,,,2024-07-01,R50D6,,,,,AM,,,,2024-07-01T00:02:23,2024-07-01_05,,,False,0.23941108584403992,,True,Detection,,
2024-07-01T00:02:24,,,2024-07-01,R50D6,,,,,AM,,,,2024-07-01T00:02:24,2024-07-01_06,,,False,0.2900541126728058,,True,Detection,,
2024-07-01T00:03:08.010000,,,2024-07-01,R50D6,,,,,AM,,,,2024-07-01T00:03:08.010000,2024-07-01_07,,,False,0.8539195656776428,,True,Detection,,
2024-07-01T00:04:37,,,2024-07-01,R50D6,,,,,AM,,,,2024-07-01T00:04:37,2024-07-01_08,,,False,0.8368495106697083,,True,Detection,,
2024-07-01T00:06:21.920000,,,2024-07-01,R50D6,,,,,AM,,,,2024-07-01T00:06:21.920000,2024-07-01_09,,,False,0.6938788294792175,,True,Detection,,
2024-07-01T00:13:22.330000,,,2024-07-01,R50D6,,,,,AM,,,,2024-07-01T00:13:22.330000,2024-07-01_10,,,False,0.41743704676628113,,True,Detection,,
2024-07-01T00:20:40.330000,,,2024-07-01,R50D6,,,,,AM,,,,2024-07-01T00:20:40.330000,2024-07-01_11,,,False,0.44326990842819214,,True,Detection,,
2024-07-01T00:21:08.010000,,,2024-07-01,R50D6,,,,,AM,,,,2024-07-01T00:21:08.010000,2024-07-01_12,,,False,0.4963160753250122,,True,Detection,,
2024-07-01T00:22:39.260000,,,2024-07-01,R50D6,,,,,AM,,,,2024-07-01T00:22:39.260000,2024-07-01_13,,,False,0.2314765900373459,,True,Detection,,
2024-07-01T00:29:53.070000,,,2024-07-01,R50D6,,,,,AM,,,,2024-07-01T00:29:53.070000,2024-07-01_14,,,False,0.5228073596954346,,True,Detection,,
2024-07-01T00:30:39.510000,,,2024-07-01,R50D6,,,,,AM,,,,2024-07-01T00:30:39.510000,2024-07-01_15,,,False,0.5483081340789795,,True,Detection,,
2024-07-01T00:41:06.720000,,,2024-07-01,R50D6,,,,,AM,,,,2024-07-01T00:41:06.720000,2024-07-01_16,,,False,0.286628395318985,,True,Detection,,
2024-07-01T00:41:35,,,2024-07-01,R50D6,,,,,AM,,,,2024-07-01T00:41:35,2024-07-01_17,,,False,0.21962548792362213,,True,Detection,,
2024-07-01T00:41:35.990000,,,2024-07-01,R50D6,,,,,AM,,,,2024-07-01T00:41:35.990000,2024-07-01_18,,,False,0.37556642293930054,,True,Detection,,
2024-07-01T00:46:51.090000,,,2024-07-01,R50D6,,,,,AM,,,,2024-07-01T00:46:51.090000,2024-07-01_19,,,False,0.6418516635894775,,True,Detection,,
2024-07-01T00:47:35,,,2024-07-01,R50D6,,,,,AM,,,,2024-07-01T00:47:35,2024-07-01_20,,,False,0.23228904604911804,,True,Detection,,
2024-07-01T01:06:41.910000,,,2024-07-01,R50D6,,,,,AM,,,,2024-07-01T01:06:41.910000,2024-07-01_21,,,False,0.4984235465526581,,True,Detection,,
2024-07-01T01:07:22.670000,,,2024-07-01,R50D6,,,,,AM,,,,2024-07-01T01:07:22.670000,2024-07-01_22,,,False,0.4363335371017456,,True,Detection,,
2024-07-01T01:08:10.020000,,,2024-07-01,R50D6,,,,,AM,,,,2024-07-01T01:08:10.020000,2024-07-01_23,,,False,0.6580812931060791,,True,Detection,,
2024-07-01T01:12:50.320000,,,2024-07-01,R50D6,,,,,AM,,,,2024-07-01T01:12:50.320000,2024-07-01_24,,,False,0.5604756474494934,,True,Detection,,
2024-07-01T01:13:53.060000,,,2024-07-01,R50D6,,,,,AM,,,,2024-07-01T01:13:53.060000,2024-07-01_25,,,False,0.5249364376068115,,True,Detection,,
2024-07-01T01:14:21.130000,,,2024-07-01,R50D6,,,,,AM,,,,2024-07-01T01:14:21.130000,2024-07-01_26,,,False,0.4497656524181366,,True,Detection,,
2024-07-01T01:19:52.090000,,,2024-07-01,R50D6,,,,,AM,,,,2024-07-01T01:19:52.090000,2024-07-01_27,,,False,0.7714539766311646,,True,Detection,,
2024-07-01T01:20:23.040000,,,2024-07-01,R50D6,,,,,AM,,,,2024-07-01T01:20:23.040000,2024-07-01_28,,,False,0.6563253998756409,,True,Detection,,
2024-07-01T01:36:53.170000,,,2024-07-01,R50D6,,,,,AM,,,,2024-07-01T01:36:53.170000,2024-07-01_29,,,False,0.4225060045719147,,True,Detection,,
2024-07-01T01:37:23.070000,,,2024-07-01,R50D6,,,,,AM,,,,2024-07-01T01:37:23.070000,2024-07-01_30,,,False,0.5840868353843689,,True,Detection,,
2024-07-01T01:37:51.050000,,,2024-07-01,R50D6,,,,,AM,,,,2024-07-01T01:37:51.050000,2024-07-01_31,,,False,0.653323769569397,,True,Detection,,
2024-07-01T01:37:52.010000,,,2024-07-01,R50D6,,,,,AM,,,,2024-07-01T01:37:52.010000,2024-07-01_32,,,False,0.22563160955905914,,True,Detection,,
2024-07-01T01:39:42.870000,,,2024-07-01,R50D6,,,,,AM,,,,2024-07-01T01:39:42.870000,2024-07-01_33,,,False,0.2714485824108124,,True,Detection,,
2024-07-01T01:42:25.320000,,,2024-07-01,R50D6,,,,,AM,,,,2024-07-01T01:42:25.320000,2024-07-01_34,,,False,0.3895138204097748,,True,Detection,,
2024-07-01T01:47:54.290000,,,2024-07-01,R50D6,,,,,AM,,,,2024-07-01T01:47:54.290000,2024-07-01_35,,,False,0.23511096835136414,,True,Detection,,
2024-07-01T01:49:07.020000,,,2024-07-01,R50D6,,,,,AM,,,,2024-07-01T01:49:07.020000,2024-07-01_36,,,False,0.4166315495967865,,True,Detection,,
2024-07-01T01:49:08.010000,,,2024-07-01,R50D6,,,,,AM,,,,2024-07-01T01:49:08.010000,2024-07-01_37,,,False,0.23272407054901123,,True,Detection,,
2024-07-01T01:50:48.240000,,,2024-07-01,R50D6,,,,,AM,,,,2024-07-01T01:50:48.240000,2024-07-01_38,,,False,0.453451007604599,,True,Detection,,
2024-07-01T01:55:39.410000,,,2024-07-01,R50D6,,,,,AM,,,,2024-07-01T01:55:39.410000,2024-07-01_39,,,False,0.48735466599464417,,True,Detection,,
2024-07-01T01:57:07.010000,,,2024-07-01,R50D6,,,,,AM,,,,2024-07-01T01:57:07.010000,2024-07-01_40,,,False,0.8624732494354248,,True,Detection,,
2024-07-01T02:15:53.120000,,,2024-07-01,R50D6,,,,,AM,,,,2024-07-01T02:15:53.120000,2024-07-01_41,,,False,0.7057668566703796,,True,Detection,,
2024-07-01T02:16:22.030000,,,2024-07-01,R50D6,,,,,AM,,,,2024-07-01T02:16:22.030000,2024-07-01_42,,,False,0.2953314185142517,,True,Detection,,
2024-07-01T02:19:01.120000,,,2024-07-01,R50D6,,,,,AM,,,,2024-07-01T02:19:01.120000,2024-07-01_43,,,False,0.5588731169700623,,True,Detection,,
2024-07-01T02:20:23.900000,,,2024-07-01,R50D6,,,,,AM,,,,2024-07-01T02:20:23.900000,2024-07-01_44,,,False,0.6314880847930908,,True,Detection,,
2024-07-01T02:20:53.020000,,,2024-07-01,R50D6,,,,,AM,,,,2024-07-01T02:20:53.020000,2024-07-01_45,,,False,0.5664408802986145,,True,Detection,,
2024-07-01T02:20:54,,,2024-07-01,R50D6,,,,,AM,,,,2024-07-01T02:20:54,2024-07-01_46,,,False,0.2078416496515274,,True,Detection,,
2024-07-01T02:26:38,,,2024-07-01,R50D6,,,,,AM,,,,2024-07-01T02:26:38,2024-07-01_47,,,False,0.632335364818573,,True,Detection,,
2024-07-01T02:35:23.470000,,,2024-07-01,R50D6,,,,,AM,,,,2024-07-01T02:35:23.470000,2024-07-01_48,,,False,0.31942424178123474,,True,Detection,,
,,,2024-07-01,R50D6,,,,,AM,,,,2024-07-01T02:35:24.050000,2024-07-01_49,,,False,,,True,Detection,,
2024-07-01T02:46:57.200000,,,2024-07-01,R50D6,,,,,AM,,,,2024-07-01T02:46:57.200000,2024-07-01_50,,,False,0.516664981842041,,True,Detection,,
2024-07-01T02:53:54.090000,,,2024-07-01,R50D6,,,,,AM,,,,2024-07-01T02:53:54.090000,2024-07-01_51,,,False,0.7289851903915405,,True,Detection,,
2024-07-01T02:59:37.960000,,,2024-07-01,R50D6,,,,,AM,,,,2024-07-01T02:59:37.960000,2024-07-01_52,,,False,0.2479211986064911,,True,Detection,,
2024-07-01T03:02:12.940000,,,2024-07-01,R50D6,,,,,AM,,,,2024-07-01T03:02:12.940000,2024-07-01_53,,,False,0.6671957969665527,,True,Detection,,
2024-07-01T03:07:40.530000,,,2024-07-01,R50D6,,,,,AM,,,,2024-07-01T03:07:40.530000,2024-07-01_54,,,False,0.24194486439228058,,True,Detection,,
2024-07-01T03:09:33.820000,,,2024-07-01,R50D6,,,,,AM,,,,2024-07-01T03:09:33.820000,2024-07-01_55,,,False,0.26152583956718445,,True,Detection,,
2024-07-01T03:18:37.020000,,,2024-07-01,R50D6,,,,,AM,,,,2024-07-01T03:18:37.020000,2024-07-01_56,,,False,0.2293398529291153,,True,Detection,,
2024-07-01T03:18:37.990000,,,2024-07-01,R50D6,,,,,AM,,,,2024-07-01T03:18:37.990000,2024-07-01_57,,,False,0.676794707775116,,True,Detection,,
2024-07-01T03:29:12.740000,,,2024-07-01,R50D6,,,,,AM,,,,2024-07-01T03:29:12.740000,2024-07-01_58,,,False,0.23589876294136047,,True,Detection,,
2024-07-01T03:47:38.980000,,,2024-07-01,R50D6,,,,,AM,,,,2024-07-01T03:47:38.980000,2024-07-01_59,,,False,0.7026844024658203,,True,Detection,,
2024-07-01T03:55:39.010000,,,2024-07-01,R50D6,,,,,AM,,,,2024-07-01T03:55:39.010000,2024-07-01_60,,,False,0.8247423768043518,,True,Detection,,
2024-07-01T04:01:16.590000,,,2024-07-01,R50D6,,,,,AM,,,,2024-07-01T04:01:16.590000,2024-07-01_61,,,False,0.2529563307762146,,True,Detection,,
2024-07-01T04:17:21.880000,,,2024-07-01,R50D6,,,,,AM,,,,2024-07-01T04:17:21.880000,2024-07-01_62,,,False,0.8458876013755798,,True,Detection,,
,,,2024-07-01,R50D6,,,,,AM,,,,2024-07-01T04:17:22.250000,2024-07-01_63,,,False,,,True,Detection,,
2024-07-01T04:22:36.990000,,,2024-07-01,R50D6,,,,,AM,,,,2024-07-01T04:22:36.990000,2024-07-01_64,,,False,0.5583996772766113,,True,Detection,,
2024-07-01T04:26:24.010000,,,2024-07-01,R50D6,,,,,AM,,,,2024-07-01T04:26:24.010000,2024-07-01_65,,,False,0.36738812923431396,,True,Detection,,
2024-07-01T04:33:53,,,2024-07-01,R50D6,,,,,AM,,,,2024-07-01T04:33:53,2024-07-01_66,,,False,0.7363027334213257,,True,Detection,,
2024-07-01T04:35:58.360000,,,2024-07-01,R50D6,,,,,AM,,,,2024-07-01T04:35:58.360000,2024-07-01_67,,,False,0.5208491683006287,,True,Detection,,
2024-07-01T04:36:22.070000,,,2024-07-01,R50D6,,,,,AM,,,,2024-07-01T04:36:22.070000,2024-07-01_68,,,False,0.6867411732673645,,True,Detection,,
2024-07-01T04:39:36.970000,,,2024-07-01,R50D6,,,,,AM,,,,2024-07-01T04:39:36.970000,2024-07-01_69,,,False,0.20873795449733734,,True,Detection,,
2024-07-01T04:44:07.010000,,,2024-07-01,R50D6,,,,,AM,,,,2024-07-01T04:44:07.010000,2024-07-01_70,,,False,0.697676956653595,,True,Detection,,
2024-07-01T04:54:09,,,2024-07-01,R50D6,,,,,AM,,,,2024-07-01T04:54:09,2024-07-01_71,,,False,0.3037498891353607,,True,Detection,,
2024-07-01T04:54:15.110000,,,2024-07-01,R50D6,,,,,AM,,,,2024-07-01T04:54:15.110000,2024-07-01_72,,,False,0.25373056530952454,,True,Detection,,
2024-07-01T05:00:05.040000,,,2024-07-01,R50D6,,,,,AM,,,,2024-07-01T05:00:05.040000,2024-07-01_73,,,False,0.43482890725135803,,True,Detection,,
2024-07-01T05:03:35.990000,,,2024-07-01,R50D6,,,,,AM,,,,2024-07-01T05:03:35.990000,2024-07-01_74,,,False,0.3596891164779663,,True,Detection,,
2024-07-01T05:07:23.130000,,,2024-07-01,R50D6,,,,,AM,,,,2024-07-01T05:07:23.130000,2024-07-01_75,,,False,0.3868880569934845,,True,Detection,,
2024-07-01T05:10:37.970000,,,2024-07-01,R50D6,,,,,AM,,,,2024-07-01T05:10:37.970000,2024-07-01_76,,,False,0.46631762385368347,,True,Detection,,
2024-07-01T05:10:47.150000,,,2024-07-01,R50D6,,,,,AM,,,,2024-07-01T05:10:47.150000,2024-07-01_77,,,False,0.3280434310436249,,True,Detection,,
2024-07-01T05:11:51.130000,,,2024-07-01,R50D6,,,,,AM,,,,2024-07-01T05:11:51.130000,2024-07-01_78,,,False,0.2372901439666748,,True,Detection,,
2024-07-01T05:11:52.110000,,,2024-07-01,R50D6,,,,,AM,,,,2024-07-01T05:11:52.110000,2024-07-01_79,,,False,0.42677849531173706,,True,Detection,,
2024-07-01T05:16:26.270000,,,2024-07-01,R50D6,,,,,AM,,,,2024-07-01T05:16:26.270000,2024-07-01_80,,,False,0.65202397108078,,True,Detection,,
2024-07-01T05:27:40.960000,,,2024-07-01,R50D6,,,,,AM,,,,2024-07-01T05:27:40.960000,2024-07-01_81,,,False,0.7876696586608887,,True,Detection,,
,,,2024-07-01,R50D6,,,,,AM,,,,2024-07-01T05:27:41.560000,2024-07-01_82,,,False,,,True,Detection,,
2024-07-01T05:28:20.960000,,,2024-07-01,R50D6,,,,,AM,,,,2024-07-01T05:28:20.960000,2024-07-01_83,,,False,0.2577889561653137,,True,Detection,,
2024-07-01T05:30:06,,,2024-07-01,R50D6,,,,,AM,,,,2024-07-01T05:30:06,2024-07-01_84,,,False,0.3102029263973236,,True,Detection,,
2024-07-01T05:32:20.030000,,,2024-07-01,R50D6,,,,,AM,,,,2024-07-01T05:32:20.030000,2024-07-01_85,,,False,0.21212682127952576,,True,Detection,,
2024-07-01T05:33:36.990000,,,2024-07-01,R50D6,,,,,AM,,,,2024-07-01T05:33:36.990000,2024-07-01_86,,,False,0.4352668821811676,,True,Detection,,
2024-07-01T05:33:37.990000,,,2024-07-01,R50D6,,,,,AM,,,,2024-07-01T05:33:37.990000,2024-07-01_87,,,False,0.40722763538360596,,True,Detection,,
2024-07-01T05:35:22.120000,,,2024-07-01,R50D6,,,,,AM,,,,2024-07-01T05:35:22.120000,2024-07-01_88,,,False,0.5763738751411438,,True,Detection,,
2024-07-01T05:36:40.980000,,,2024-07-01,R50D6,,,,,AM,,,,2024-07-01T05:36:40.980000,2024-07-01_89,,,False,0.6039586067199707,,True,Detection,,
2024-07-01T05:36:42,,,2024-07-01,R50D6,,,,,AM,,,,2024-07-01T05:36:42,2024-07-01_90,,,False,0.25198784470558167,,True,Detection,,
2024-07-01T05:37:00.620000,,,2024-07-01,R50D6,,,,,AM,,,,2024-07-01T05:37:00.620000,2024-07-01_91,,,False,0.4805138409137726,,True,Detection,,
2024-07-01T05:38:05.010000,,,2024-07-01,R50D6,,,,,AM,,,,2024-07-01T05:38:05.010000,2024-07-01_92,,,False,0.5479295253753662,,True,Detection,,
2024-07-01T05:38:06,,,2024-07-01,R50D6,,,,,AM,,,,2024-07-01T05:38:06,2024-07-01_93,,,False,0.2859249413013458,,True,Detection,,
2024-07-01T05:45:56.870000,,,2024-07-01,R50D6,,,,,AM,,,,2024-07-01T05:45:56.870000,2024-07-01_94,,,False,0.8665628433227539,,True,Detection,,
,,,2024-07-01,R50D6,,,,,AM,,,,2024-07-01T05:45:57.470000,2024-07-01_95,,,False,,,True,Detection,,
2024-07-01T05:51:41.020000,,,2024-07-01,R50D6,,,,,AM,,,,2024-07-01T05:51:41.020000,2024-07-01_96,,,False,0.7970812320709229,,True,Detection,,
2024-07-01T05:52:21.040000,,,2024-07-01,R50D6,,,,,AM,,,,2024-07-01T05:52:21.040000,2024-07-01_97,,,False,0.6428237557411194,,True,Detection,,
2024-07-01T05:53:57.170000,,,2024-07-01,R50D6,,,,,AM,,,,2024-07-01T05:53:57.170000,2024-07-01_98,,,False,0.22958515584468842,,True,Detection,,
2024-07-01T06:03:44.810000,,,2024-07-01,R50D6,,,,,AM,,,,2024-07-01T06:03:44.810000,2024-07-01_99,,,False,0.8011968731880188,,True,Detection,,
2024-07-01T06:03:54.340000,,,2024-07-01,R50D6,,,,,AM,,,,2024-07-01T06:03:54.340000,2024-07-01_100,,,False,0.273873895406723,,True,Detection,,
2024-07-01T06:04:55.660000,,,2024-07-01,R50D6,,,,,AM,,,,2024-07-01T06:04:55.660000,2024-07-01_101,,,False,0.85223788022995,,True,Detection,,
,,,2024-07-01,R50D6,,,,,AM,,,,2024-07-01T06:04:56.150000,2024-07-01_102,,,False,,,True,Detection,,
2024-07-01T06:05:06.960000,,,2024-07-01,R50D6,,,,,AM,,,,2024-07-01T06:05:06.960000,2024-07-01_103,,,False,0.7626150846481323,,True,Detection,,
2024-07-01T06:12:19.050000,,,2024-07-01,R50D6,,,,,AM,,,,2024-07-01T06:12:19.050000,2024-07-01_104,,,False,0.7218387722969055,,True,Detection,,
2024-07-01T06:14:38,,,2024-07-01,R50D6,,,,,AM,,,,2024-07-01T06:14:38,2024-07-01_105,,,False,0.8745260834693909,,True,Detection,,
2024-07-01T06:15:50.980000,,,2024-07-01,R50D6,,,,,AM,,,,2024-07-01T06:15:50.980000,2024-07-01_106,,,False,0.5671077370643616,,True,Detection,,
2024-07-01T06:17:35.040000,,,2024-07-01,R50D6,,,,,AM,,,,2024-07-01T06:17:35.040000,2024-07-01_107,,,False,0.3195580840110779,,True,Detection,,
2024-07-01T06:19:23.970000,,,2024-07-01,R50D6,,,,,AM,,,,2024-07-01T06:19:23.970000,2024-07-01_108,,,False,0.8857235312461853,,True,Detection,,
2024-07-01T06:21:24.960000,,,2024-07-01,R50D6,,,,,AM,,,,2024-07-01T06:21:24.960000,2024-07-01_109,,,False,0.5307790040969849,,True,Detection,,
2024-07-01T06:29:12.120000,,,2024-07-01,R50D6,,,,,AM,,,,2024-07-01T06:29:12.120000,2024-07-01_110,,,False,0.27063101530075073,,True,Detection,,
2024-07-01T06:30:12.270000,,,2024-07-01,R50D6,,,,,AM,,,,2024-07-01T06:30:12.270000,2024-07-01_111,,,False,0.43305277824401855,,True,Detection,,
2024-07-01T06:30:43.860000,,,2024-07-01,R50D6,,,,,AM,,,,2024-07-01T06:30:43.860000,2024-07-01_112,,,False,0.42936134338378906,,True,Detection,,
2024-07-01T06:31:19.880000,,,2024-07-01,R50D6,,,,,AM,,,,2024-07-01T06:31:19.880000,2024-07-01_113,,,False,0.20131264626979828,,True,Detection,,
2024-07-01T06:38:07.010000,,,2024-07-01,R50D6,,,,,AM,,,,2024-07-01T06:38:07.010000,2024-07-01_114,,,False,0.481015145778656,,True,Detection,,
2024-07-01T06:39:19.130000,,,2024-07-01,R50D6,,,,,AM,,,,2024-07-01T06:39:19.130000,2024-07-01_115,,,False,0.24574561417102814,,True,Detection,,
2024-07-01T06:39:52.130000,,,2024-07-01,R50D6,,,,,AM,,,,2024-07-01T06:39:52.130000,2024-07-01_116,,,False,0.40854066610336304,,True,Detection,,
2024-07-01T06:42:08.010000,,,2024-07-01,R50D6,,,,,AM,,,,2024-07-01T06:42:08.010000,2024-07-01_117,,,False,0.6692759394645691,,True,Detection,,
2024-07-01T06:42:19.860000,,,2024-07-01,R50D6,,,,,AM,,,,2024-07-01T06:42:19.860000,2024-07-01_118,,,False,0.3756718337535858,,True,Detection,,
2024-07-01T06:47:36.010000,,,2024-07-01,R50D6,,,,,AM,,,,2024-07-01T06:47:36.010000,2024-07-01_119,,,False,0.61043781042099,,True,Detection,,
2024-07-01T06:48:12.010000,,,2024-07-01,R50D6,,,,,AM,,,,2024-07-01T06:48:12.010000,2024-07-01_120,,,False,0.26028206944465637,,True,Detection,,
2024-07-01T06:53:16.340000,,,2024-07-01,R50D6,,,,,AM,,,,2024-07-01T06:53:16.340000,2024-07-01_121,,,False,0.6549109816551208,,True,Detection,,
2024-07-01T06:54:39.010000,,,2024-07-01,R50D6,,,,,AM,,,,2024-07-01T06:54:39.010000,2024-07-01_122,,,False,0.6642279028892517,,True,Detection,,
2024-07-01T06:55:20.930000,,,2024-07-01,R50D6,,,,,AM,,,,2024-07-01T06:55:20.930000,2024-07-01_123,,,False,0.5574246644973755,,True,Detection,,
2024-07-01T06:56:37,,,2024-07-01,R50D6,,,,,AM,,,,2024-07-01T06:56:37,2024-07-01_124,,,False,0.7165320515632629,,True,Detection,,
2024-07-01T06:57:28.060000,,,2024-07-01,R50D6,,,,,AM,,,,2024-07-01T06:57:28.060000,2024-07-01_125,,,False,0.6413331031799316,,True,Detection,,
2024-07-01T07:02:22.240000,,,2024-07-01,R50D6,,,,,AM,,,,2024-07-01T07:02:22.240000,2024-07-01_126,,,False,0.28594082593917847,,True,Detection,,
2024-07-01T07:03:39,,,2024-07-01,R50D6,,,,,AM,,,,2024-07-01T07:03:39,2024-07-01_127,,,False,0.9230120778083801,,True,Detection,,
2024-07-01T07:04:08.980000,,,2024-07-01,R50D6,,,,,AM,,,,2024-07-01T07:04:08.980000,2024-07-01_128,,,False,0.5720937252044678,,True,Detection,,
2024-07-01T07:05:18,,,2024-07-01,R50D6,,,,,AM,,,,2024-07-01T07:05:18,2024-07-01_129,,,False,0.30720382928848267,,True,Detection,,
2024-07-01T07:05:53.060000,,,2024-07-01,R50D6,,,,,AM,,,,2024-07-01T07:05:53.060000,2024-07-01_130,,,False,0.33127182722091675,,True,Detection,,
2024-07-01T07:05:54.030000,,,2024-07-01,R50D6,,,,,AM,,,,2024-07-01T07:05:54.030000,2024-07-01_131,,,False,0.4527263343334198,,True,Detection,,
2024-07-01T07:07:23.970000,,,2024-07-01,R50D6,,,,,AM,,,,2024-07-01T07:07:23.970000,2024-07-01_132,,,False,0.7586461305618286,,True,Detection,,
2024-07-01T07:07:41.780000,,,2024-07-01,R50D6,,,,,AM,,,,2024-07-01T07:07:41.780000,2024-07-01_133,,,False,0.26076507568359375,,True,Detection,,
2024-07-01T07:10:05,,,2024-07-01,R50D6,,,,,AM,,,,2024-07-01T07:10:05,2024-07-01_134,,,False,0.3874141573905945,,True,Detection,,
2024-07-01T07:10:06.990000,,,2024-07-01,R50D6,,,,,AM,,,,2024-07-01T07:10:06.990000,2024-07-01_135,,,False,0.21225851774215698,,True,Detection,,
2024-07-01T07:11:06,,,2024-07-01,R50D6,,,,,AM,,,,2024-07-01T07:11:06,2024-07-01_136,,,False,0.520377516746521,,True,Detection,,
2024-07-01T07:14:07.220000,,,2024-07-01,R50D6,,,,,AM,,,,2024-07-01T07:14:07.220000,2024-07-01_137,,,False,0.4807567298412323,,True,Detection,,
2024-07-01T07:17:51.950000,,,2024-07-01,R50D6,,,,,AM,,,,2024-07-01T07:17:51.950000,2024-07-01_138,,,False,0.7389729022979736,,True,Detection,,
2024-07-01T07:21:20.560000,,,2024-07-01,R50D6,,,,,AM,,,,2024-07-01T07:21:20.560000,2024-07-01_139,,,False,0.40223994851112366,,True,Detection,,
,,,2024-07-01,R50D6,,,,,AM,,,,2024-07-01T07:21:20.910000,2024-07-01_140,,,False,,,True,Detection,,
2024-07-01T07:22:28.090000,,,2024-07-01,R50D6,,,,,AM,,,,2024-07-01T07:22:28.090000,2024-07-01_141,,,False,0.23103216290473938,,True,Detection,,
2024-07-01T07:25:08.410000,,,2024-07-01,R50D6,,,,,AM,,,,2024-07-01T07:25:08.410000,2024-07-01_142,,,False,0.5579239726066589,,True,Detection,,
2024-07-01T07:26:42.230000,,,2024-07-01,R50D6,,,,,AM,,,,2024-07-01T07:26:42.230000,2024-07-01_143,,,False,0.39003363251686096,,True,Detection,,
2024-07-01T07:28:22.140000,,,2024-07-01,R50D6,,,,,AM,,,,2024-07-01T07:28:22.140000,2024-07-01_144,,,False,0.2280542254447937,,True,Detection,,
2024-07-01T07:34:36,,,2024-07-01,R50D6,,,,,AM,,,,2024-07-01T07:34:36,2024-07-01_145,,,False,0.6083452105522156,,True,Detection,,
2024-07-01T07:39:33.190000,,,2024-07-01,R50D6,,,,,AM,,,,2024-07-01T07:39:33.190000,2024-07-01_146,,,False,0.6240103244781494,,True,Detection,,
2024-07-01T07:39:52.310000,,,2024-07-01,R50D6,,,,,AM,,,,2024-07-01T07:39:52.310000,2024-07-01_147,,,False,0.29253682494163513,,True,Detection,,
2024-07-01T07:43:06.010000,,,2024-07-01,R50D6,,,,,AM,,,,2024-07-01T07:43:06.010000,2024-07-01_148,,,False,0.8826185464859009,,True,Detection,,
2024-07-01T07:43:45.810000,,,2024-07-01,R50D6,,,,,AM,,,,2024-07-01T07:43:45.810000,2024-07-01_149,,,False,0.21179188787937164,,True,Detection,,
2024-07-01T07:44:52.030000,,,2024-07-01,R50D6,,,,,AM,,,,2024-07-01T07:44:52.030000,2024-07-01_150,,,False,0.8409198522567749,,True,Detection,,
2024-07-01T07:45:23.490000,,,2024-07-01,R50D6,,,,,AM,,,,2024-07-01T07:45:23.490000,2024-07-01_151,,,False,0.49120399355888367,,True,Detection,,
,,,2024-07-01,R50D6,,,,,AM,,,,2024-07-01T07:45:24.530000,2024-07-01_152,,,False,,,True,Detection,,
2024-07-01T07:46:05,,,2024-07-01,R50D6,,,,,AM,,,,2024-07-01T07:46:05,2024-07-01_153,,,False,0.3959769308567047,,True,Detection,,
2024-07-01T07:47:15.970000,,,2024-07-01,R50D6,,,,,AM,,,,2024-07-01T07:47:15.970000,2024-07-01_154,,,False,0.7427014112472534,,True,Detection,,
2024-07-01T07:47:36.030000,,,2024-07-01,R50D6,,,,,AM,,,,2024-07-01T07:47:36.030000,2024-07-01_155,,,False,0.289119154214859,,True,Detection,,
2024-07-01T07:47:45.450000,,,2024-07-01,R50D6,,,,,AM,,,,2024-07-01T07:47:45.450000,2024-07-01_156,,,False,0.5956009030342102,,True,Detection,,
2024-07-01T07:51:54.070000,,,2024-07-01,R50D6,,,,,AM,,,,2024-07-01T07:51:54.070000,2024-07-01_157,,,False,0.6945062875747681,,True,Detection,,
2024-07-01T07:53:35.970000,,,2024-07-01,R50D6,,,,,AM,,,,2024-07-01T07:53:35.970000,2024-07-01_158,,,False,0.8237228989601135,,True,Detection,,
2024-07-01T07:55:54.100000,,,2024-07-01,R50D6,,,,,AM,,,,2024-07-01T07:55:54.100000,2024-07-01_159,,,False,0.27923622727394104,,True,Detection,,
2024-07-01T07:56:53.980000,,,2024-07-01,R50D6,,,,,AM,,,,2024-07-01T07:56:53.980000,2024-07-01_160,,,False,0.22183075547218323,,True,Detection,,
2024-07-01T08:00:50.110000,,,2024-07-01,R50D6,,,,,AM,,,,2024-07-01T08:00:50.110000,2024-07-01_161,,,False,0.3471665680408478,,True,Detection,,
2024-07-01T08:02:37.610000,,,2024-07-01,R50D6,,,,,AM,,,,2024-07-01T08:02:37.610000,2024-07-01_162,,,False,0.799430787563324,,True,Detection,,
2024-07-01T08:04:04.030000,,,2024-07-01,R50D6,,,,,AM,,,,2024-07-01T08:04:04.030000,2024-07-01_163,,,False,0.22913919389247894,,True,Detection,,
2024-07-01T08:05:11.730000,,,2024-07-01,R50D6,,,,,AM,,,,2024-07-01T08:05:11.730000,2024-07-01_164,,,False,0.6549689173698425,,True,Detection,,
2024-07-01T08:10:49.030000,,,2024-07-01,R50D6,,,,,AM,,,,2024-07-01T08:10:49.030000,2024-07-01_165,,,False,0.7164981365203857,,True,Detection,,
2024-07-01T08:11:22.150000,,,2024-07-01,R50D6,,,,,AM,,,,2024-07-01T08:11:22.150000,2024-07-01_166,,,False,0.6023926734924316,,True,Detection,,
2024-07-01T08:13:21.050000,,,2024-07-01,R50D6,,,,,AM,,,,2024-07-01T08:13:21.050000,2024-07-01_167,,,False,0.567366361618042,,True,Detection,,
2024-07-01T08:13:38.950000,,,2024-07-01,R50D6,,,,,AM,,,,2024-07-01T08:13:38.950000,2024-07-01_168,,,False,0.307218462228775,,True,Detection,,
2024-07-01T08:14:24.860000,,,2024-07-01,R50D6,,,,,AM,,,,2024-07-01T08:14:24.860000,2024-07-01_169,,,False,0.22858674824237823,,True,Detection,,
2024-07-01T08:15:07.450000,,,2024-07-01,R50D6,,,,,AM,,,,2024-07-01T08:15:07.450000,2024-07-01_170,,,False,0.5692540407180786,,True,Detection,,
2024-07-01T08:17:12.080000,,,2024-07-01,R50D6,,,,,AM,,,,2024-07-01T08:17:12.080000,2024-07-01_171,,,False,0.7770686149597168,,True,Detection,,
2024-07-01T08:17:53.660000,,,2024-07-01,R50D6,,,,,AM,,,,2024-07-01T08:17:53.660000,2024-07-01_172,,,False,0.4041686952114105,,True,Detection,,
2024-07-01T08:19:22.030000,,,2024-07-01,R50D6,,,,,AM,,,,2024-07-01T08:19:22.030000,2024-07-01_173,,,False,0.29527199268341064,,True,Detection,,
2024-07-01T08:22:15.110000,,,2024-07-01,R50D6,,,,,AM,,,,2024-07-01T08:22:15.110000,2024-07-01_174,,,False,0.6406145691871643,,True,Detection,,
2024-07-01T08:24:34.040000,,,2024-07-01,R50D6,,,,,AM,,,,2024-07-01T08:24:34.040000,2024-07-01_175,,,False,0.25153064727783203,,True,Detection,,
2024-07-01T08:26:24.030000,,,2024-07-01,R50D6,,,,,AM,,,,2024-07-01T08:26:24.030000,2024-07-01_176,,,False,0.7284160256385803,,True,Detection,,
2024-07-01T08:27:29.960000,,,2024-07-01,R50D6,,,,,AM,,,,2024-07-01T08:27:29.960000,2024-07-01_177,,,False,0.27169764041900635,,True,Detection,,
2024-07-01T08:28:52.310000,,,2024-07-01,R50D6,,,,,AM,,,,2024-07-01T08:28:52.310000,2024-07-01_178,,,False,0.8598632216453552,,True,Detection,,
2024-07-01T08:30:17.030000,,,2024-07-01,R50D6,,,,,AM,,,,2024-07-01T08:30:17.030000,2024-07-01_179,,,False,0.32614532113075256,,True,Detection,,
2024-07-01T08:30:52.290000,,,2024-07-01,R50D6,,,,,AM,,,,2024-07-01T08:30:52.290000,2024-07-01_180,,,False,0.2596544027328491,,True,Detection,,
2024-07-01T08:31:20.990000,,,2024-07-01,R50D6,,,,,AM,,,,2024-07-01T08:31:20.990000,2024-07-01_181,,,False,0.3577810227870941,,True,Detection,,
2024-07-01T08:32:15.020000,,,2024-07-01,R50D6,,,,,AM,,,,2024-07-01T08:32:15.020000,2024-07-01_182,,,False,0.8470533490180969,,True,Detection,,
,,,2024-07-01,R50D6,,,,,AM,,,,2024-07-01T08:32:15.550000,2024-07-01_183,,,False,,,True,Detection,,
2024-07-01T08:32:36.040000,,,2024-07-01,R50D6,,,,,AM,,,,2024-07-01T08:32:36.040000,2024-07-01_184,,,False,0.3269394636154175,,True,Detection,,
2024-07-01T08:32:39.160000,,,2024-07-01,R50D6,,,,,AM,,,,2024-07-01T08:32:39.160000,2024-07-01_185,,,False,0.3187914788722992,,True,Detection,,
2024-07-01T08:34:12.050000,,,2024-07-01,R50D6,,,,,AM,,,,2024-07-01T08:34:12.050000,2024-07-01_186,,,False,0.634955883026123,,True,Detection,,
2024-07-01T08:34:23.710000,,,2024-07-01,R50D6,,,,,AM,,,,2024-07-01T08:34:23.710000,2024-07-01_187,,,False,0.2557663917541504,,True,Detection,,
2024-07-01T08:34:35.980000,,,2024-07-01,R50D6,,,,,AM,,,,2024-07-01T08:34:35.980000,2024-07-01_188,,,False,0.4077679216861725,,True,Detection,,
2024-07-01T08:34:36.970000,,,2024-07-01,R50D6,,,,,AM,,,,2024-07-01T08:34:36.970000,2024-07-01_189,,,False,0.21834847331047058,,True,Detection,,
2024-07-01T08:34:40.290000,,,2024-07-01,R50D6,,,,,AM,,,,2024-07-01T08:34:40.290000,2024-07-01_190,,,False,0.2228390872478485,,True,Detection,,
2024-07-01T08:35:15.020000,,,2024-07-01,R50D6,,,,,AM,,,,2024-07-01T08:35:15.020000,2024-07-01_191,,,False,0.2985239028930664,,True,Detection,,
2024-07-01T08:41:19.320000,,,2024-07-01,R50D6,,,,,AM,,,,2024-07-01T08:41:19.320000,2024-07-01_192,,,False,0.22502070665359497,,True,Detection,,
2024-07-01T08:45:53.070000,,,2024-07-01,R50D6,,,,,AM,,,,2024-07-01T08:45:53.070000,2024-07-01_193,,,False,0.768928587436676,,True,Detection,,
2024-07-01T08:46:35,,,2024-07-01,R50D6,,,,,AM,,,,2024-07-01T08:46:35,2024-07-01_194,,,False,0.5285946726799011,,True,Detection,,
2024-07-01T08:47:28.980000,,,2024-07-01,R50D6,,,,,AM,,,,2024-07-01T08:47:28.980000,2024-07-01_195,,,False,0.7755366563796997,,True,Detection,,
2024-07-01T08:49:14.070000,,,2024-07-01,R50D6,,,,,AM,,,,2024-07-01T08:49:14.070000,2024-07-01_196,,,False,0.6022318601608276,,True,Detection,,
2024-07-01T08:50:24.120000,,,2024-07-01,R50D6,,,,,AM,,,,2024-07-01T08:50:24.120000,2024-07-01_197,,,False,0.466306209564209,,True,Detection,,
2024-07-01T08:51:26.930000,,,2024-07-01,R50D6,,,,,AM,,,,2024-07-01T08:51:26.930000,2024-07-01_198,,,False,0.8718060255050659,,True,Detection,,
2024-07-01T08:51:36.700000,,,2024-07-01,R50D6,,,,,AM,,,,2024-07-01T08:51:36.700000,2024-07-01_199,,,False,0.7379733324050903,,True,Detection,,
2024-07-01T08:55:36.020000,,,2024-07-01,R50D6,,,,,AM,,,,2024-07-01T08:55:36.020000,2024-07-01_200,,,False,0.6435605883598328,,True,Detection,,
2024-07-01T08:56:39.990000,,,2024-07-01,R50D6,,,,,AM,,,,2024-07-01T08:56:39.990000,2024-07-01_201,,,False,0.8938261270523071,,True,Detection,,
2024-07-01T08:58:35,,,2024-07-01,R50D6,,,,,AM,,,,2024-07-01T08:58:35,2024-07-01_202,,,False,0.3021383285522461,,True,Detection,,
2024-07-01T09:04:00.990000,,,2024-07-01,R50D6,,,,,AM,,,,2024-07-01T09:04:00.990000,2024-07-01_203,,,False,0.39257827401161194,,True,Detection,,
2024-07-01T09:05:37.010000,,,2024-07-01,R50D6,,,,,AM,,,,2024-07-01T09:05:37.010000,2024-07-01_204,,,False,0.829012930393219,,True,Detection,,
2024-07-01T09:05:49.380000,,,2024-07-01,R50D6,,,,,AM,,,,2024-07-01T09:05:49.380000,2024-07-01_205,,,False,0.4359409809112549,,True,Detection,,
2024-07-01T09:09:06.100000,,,2024-07-01,R50D6,,,,,AM,,,,2024-07-01T09:09:06.100000,2024-07-01_206,,,False,0.2964307963848114,,True,Detection,,
2024-07-01T09:09:56.050000,,,2024-07-01,R50D6,,,,,AM,,,,2024-07-01T09:09:56.050000,2024-07-01_207,,,False,0.7157464623451233,,True,Detection,,
2024-07-01T09:12:00.890000,,,2024-07-01,R50D6,,,,,AM,,,,2024-07-01T09:12:00.890000,2024-07-01_208,,,False,0.29775792360305786,,True,Detection,,
2024-07-01T09:17:26.010000,,,2024-07-01,R50D6,,,,,AM,,,,2024-07-01T09:17:26.010000,2024-07-01_209,,,False,0.3462129533290863,,True,Detection,,
2024-07-01T09:20:59.060000,,,2024-07-01,R50D6,,,,,AM,,,,2024-07-01T09:20:59.060000,2024-07-01_210,,,False,0.5374022126197815,,True,Detection,,
2024-07-01T09:22:17.640000,,,2024-07-01,R50D6,,,,,AM,,,,2024-07-01T09:22:17.640000,2024-07-01_211,,,False,0.416305810213089,,True,Detection,,
2024-07-01T09:23:02.250000,,,2024-07-01,R50D6,,,,,AM,,,,2024-07-01T09:23:02.250000,2024-07-01_212,,,False,0.8912968635559082,,True,Detection,,
2024-07-01T09:23:58.090000,,,2024-07-01,R50D6,,,,,AM,,,,2024-07-01T09:23:58.090000,2024-07-01_213,,,False,0.28616806864738464,,True,Detection,,
2024-07-01T09:25:36,,,2024-07-01,R50D6,,,,,AM,,,,2024-07-01T09:25:36,2024-07-01_214,,,False,0.8320502042770386,,True,Detection,,
2024-07-01T09:26:06,,,2024-07-01,R50D6,,,,,AM,,,,2024-07-01T09:26:06,2024-07-01_215,,,False,0.48480555415153503,,True,Detection,,
2024-07-01T09:27:04.050000,,,2024-07-01,R50D6,,,,,AM,,,,2024-07-01T09:27:04.050000,2024-07-01_216,,,False,0.3232857882976532,,True,Detection,,
2024-07-01T09:27:13.040000,,,2024-07-01,R50D6,,,,,AM,,,,2024-07-01T09:27:13.040000,2024-07-01_217,,,False,0.8526356220245361,,True,Detection,,
2024-07-01T09:28:09.040000,,,2024-07-01,R50D6,,,,,AM,,,,2024-07-01T09:28:09.040000,2024-07-01_218,,,False,0.6906071901321411,,True,Detection,,
2024-07-01T09:32:37.010000,,,2024-07-01,R50D6,,,,,AM,,,,2024-07-01T09:32:37.010000,2024-07-01_219,,,False,0.7780055999755859,,True,Detection,,
2024-07-01T09:33:36,,,2024-07-01,R50D6,,,,,AM,,,,2024-07-01T09:33:36,2024-07-01_220,,,False,0.6990906596183777,,True,Detection,,
2024-07-01T09:34:36.010000,,,2024-07-01,R50D6,,,,,AM,,,,2024-07-01T09:34:36.010000,2024-07-01_221,,,False,0.8733599781990051,,True,Detection,,
2024-07-01T09:35:04.070000,,,2024-07-01,R50D6,,,,,AM,,,,2024-07-01T09:35:04.070000,2024-07-01_222,,,False,0.27322521805763245,,True,Detection,,
2024-07-01T09:37:06.380000,,,2024-07-01,R50D6,,,,,AM,,,,2024-07-01T09:37:06.380000,2024-07-01_223,,,False,0.7203290462493896,,True,Detection,,
2024-07-01T09:37:51.570000,,,2024-07-01,R50D6,,,,,AM,,,,2024-07-01T09:37:51.570000,2024-07-01_224,,,False,0.30196526646614075,,True,Detection,,
2024-07-01T09:41:51.950000,,,2024-07-01,R50D6,,,,,AM,,,,2024-07-01T09:41:51.950000,2024-07-01_225,,,False,0.45292869210243225,,True,Detection,,
2024-07-01T09:47:39.310000,,,2024-07-01,R50D6,,,,,AM,,,,2024-07-01T09:47:39.310000,2024-07-01_226,,,False,0.3095657527446747,,True,Detection,,
2024-07-01T09:48:05.410000,,,2024-07-01,R50D6,,,,,AM,,,,2024-07-01T09:48:05.410000,2024-07-01_227,,,False,0.2383885234594345,,True,Detection,,
2024-07-01T09:48:40.270000,,,2024-07-01,R50D6,,,,,AM,,,,2024-07-01T09:48:40.270000,2024-07-01_228,,,False,0.4242662191390991,,True,Detection,,
2024-07-01T09:49:45.730000,,,2024-07-01,R50D6,,,,,AM,,,,2024-07-01T09:49:45.730000,2024-07-01_229,,,False,0.6486066579818726,,True,Detection,,
2024-07-01T09:50:10.030000,,,2024-07-01,R50D6,,,,,AM,,,,2024-07-01T09:50:10.030000,2024-07-01_230,,,False,0.6409724950790405,,True,Detection,,
,,,2024-07-01,R50D6,,,,,AM,,,,2024-07-01T09:50:10.680000,2024-07-01_231,,,False,,,True,Detection,,
2024-07-01T09:54:06.010000,,,2024-07-01,R50D6,,,,,AM,,,,2024-07-01T09:54:06.010000,2024-07-01_232,,,False,0.740656852722168,,True,Detection,,
2024-07-01T09:54:57.700000,,,2024-07-01,R50D6,,,,,AM,,,,2024-07-01T09:54:57.700000,2024-07-01_233,,,False,0.7059302926063538,,True,Detection,,
2024-07-01T10:03:06.920000,,,2024-07-01,R50D6,,,,,AM,,,,2024-07-01T10:03:06.920000,2024-07-01_234,,,False,0.24438616633415222,,True,Detection,,
2024-07-01T10:03:37.800000,,,2024-07-01,R50D6,,,,,AM,,,,2024-07-01T10:03:37.800000,2024-07-01_235,,,False,0.6633210778236389,,True,Detection,,
2024-07-01T10:05:41.280000,,,2024-07-01,R50D6,,,,,AM,,,,2024-07-01T10:05:41.280000,2024-07-01_236,,,False,0.6120087504386902,,True,Detection,,
2024-07-01T10:05:52.430000,,,2024-07-01,R50D6,,,,,AM,,,,2024-07-01T10:05:52.430000,2024-07-01_237,,,False,0.21396121382713318,,True,Detection,,
2024-07-01T10:06:09.810000,,,2024-07-01,R50D6,,,,,AM,,,,2024-07-01T10:06:09.810000,2024-07-01_238,,,False,0.7191349267959595,,True,Detection,,
2024-07-01T10:06:40.240000,,,2024-07-01,R50D6,,,,,AM,,,,2024-07-01T10:06:40.240000,2024-07-01_239,,,False,0.23002906143665314,,True,Detection,,
2024-07-01T10:08:35,,,2024-07-01,R50D6,,,,,AM,,,,2024-07-01T10:08:35,2024-07-01_240,,,False,0.6972339153289795,,True,Detection,,
2024-07-01T10:09:12.450000,,,2024-07-01,R50D6,,,,,AM,,,,2024-07-01T10:09:12.450000,2024-07-01_241,,,False,0.21801933646202087,,True,Detection,,
2024-07-01T10:09:38.990000,,,2024-07-01,R50D6,,,,,AM,,,,2024-07-01T10:09:38.990000,2024-07-01_242,,,False,0.3451995849609375,,True,Detection,,
2024-07-01T10:10:54.960000,,,2024-07-01,R50D6,,,,,AM,,,,2024-07-01T10:10:54.960000,2024-07-01_243,,,False,0.7772561311721802,,True,Detection,,
2024-07-01T10:12:11.880000,,,2024-07-01,R50D6,,,,,AM,,,,2024-07-01T10:12:11.880000,2024-07-01_244,,,False,0.8219693899154663,,True,Detection,,
2024-07-01T10:15:55.850000,,,2024-07-01,R50D6,,,,,AM,,,,2024-07-01T10:15:55.850000,2024-07-01_245,,,False,0.6521180272102356,,True,Detection,,
2024-07-01T10:16:24.680000,,,2024-07-01,R50D6,,,,,AM,,,,2024-07-01T10:16:24.680000,2024-07-01_246,,,False,0.4057495892047882,,True,Detection,,
2024-07-01T10:16:47.530000,,,2024-07-01,R50D6,,,,,AM,,,,2024-07-01T10:16:47.530000,2024-07-01_247,,,False,0.6719966530799866,,True,Detection,,
2024-07-01T10:19:48.080000,,,2024-07-01,R50D6,,,,,AM,,,,2024-07-01T10:19:48.080000,2024-07-01_248,,,False,0.23226085305213928,,True,Detection,,
2024-07-01T10:27:01.210000,,,2024-07-01,R50D6,,,,,AM,,,,2024-07-01T10:27:01.210000,2024-07-01_249,,,False,0.6902976036071777,,True,Detection,,
2024-07-01T10:27:19.650000,,,2024-07-01,R50D6,,,,,AM,,,,2024-07-01T10:27:19.650000,2024-07-01_250,,,False,0.2879054546356201,,True,Detection,,
2024-07-01T10:29:00.760000,,,2024-07-01,R50D6,,,,,AM,,,,2024-07-01T10:29:00.760000,2024-07-01_251,,,False,0.8379189968109131,,True,Detection,,
2024-07-01T10:32:26.920000,,,2024-07-01,R50D6,,,,,AM,,,,2024-07-01T10:32:26.920000,2024-07-01_252,,,False,0.46549493074417114,,True,Detection,,
2024-07-01T10:34:37.020000,,,2024-07-01,R50D6,,,,,AM,,,,2024-07-01T10:34:37.020000,2024-07-01_253,,,False,0.3047919273376465,,True,Detection,,
2024-07-01T10:35:21.110000,,,2024-07-01,R50D6,,,,,AM,,,,2024-07-01T10:35:21.110000,2024-07-01_254,,,False,0.6719940900802612,,True,Detection,,
2024-07-01T10:39:52.040000,,,2024-07-01,R50D6,,,,,AM,,,,2024-07-01T10:39:52.040000,2024-07-01_255,,,False,0.4551123082637787,,True,Detection,,
2024-07-01T10:41:35,,,2024-07-01,R50D6,,,,,AM,,,,2024-07-01T10:41:35,2024-07-01_256,,,False,0.4035995602607727,,True,Detection,,
2024-07-01T10:41:38.090000,,,2024-07-01,R50D6,,,,,AM,,,,2024-07-01T10:41:38.090000,2024-07-01_257,,,False,0.5091429948806763,,True,Detection,,
2024-07-01T10:45:46.540000,,,2024-07-01,R50D6,,,,,AM,,,,2024-07-01T10:45:46.540000,2024-07-01_258,,,False,0.44522231817245483,,True,Detection,,
2024-07-01T10:48:21.070000,,,2024-07-01,R50D6,,,,,AM,,,,2024-07-01T10:48:21.070000,2024-07-01_259,,,False,0.5571388602256775,,True,Detection,,
2024-07-01T10:48:53.090000,,,2024-07-01,R50D6,,,,,AM,,,,2024-07-01T10:48:53.090000,2024-07-01_260,,,False,0.7011792063713074,,True,Detection,,
2024-07-01T10:51:38,,,2024-07-01,R50D6,,,,,AM,,,,2024-07-01T10:51:38,2024-07-01_261,,,False,0.857565701007843,,True,Detection,,
2024-07-01T10:52:35,,,2024-07-01,R50D6,,,,,AM,,,,2024-07-01T10:52:35,2024-07-01_262,,,False,0.6432480216026306,,True,Detection,,
2024-07-01T10:52:36,,,2024-07-01,R50D6,,,,,AM,,,,2024-07-01T10:52:36,2024-07-01_263,,,False,0.3280628025531769,,True,Detection,,
2024-07-01T10:53:29.370000,,,2024-07-01,R50D6,,,,,AM,,,,2024-07-01T10:53:29.370000,2024-07-01_264,,,False,0.3271307349205017,,True,Detection,,
2024-07-01T10:53:51.030000,,,2024-07-01,R50D6,,,,,AM,,,,2024-07-01T10:53:51.030000,2024-07-01_265,,,False,0.25143706798553467,,True,Detection,,
2024-07-01T10:53:52.030000,,,2024-07-01,R50D6,,,,,AM,,,,2024-07-01T10:53:52.030000,2024-07-01_266,,,False,0.555719256401062,,True,Detection,,
2024-07-01T10:53:53.010000,,,2024-07-01,R50D6,,,,,AM,,,,2024-07-01T10:53:53.010000,2024-07-01_267,,,False,0.3850647509098053,,True,Detection,,
2024-07-01T10:54:23.010000,,,2024-07-01,R50D6,,,,,AM,,,,2024-07-01T10:54:23.010000,2024-07-01_268,,,False,0.713703989982605,,True,Detection,,
2024-07-01T10:54:36.010000,,,2024-07-01,R50D6,,,,,AM,,,,2024-07-01T10:54:36.010000,2024-07-01_269,,,False,0.765386164188385,,True,Detection,,
2024-07-01T10:55:58.670000,,,2024-07-01,R50D6,,,,,AM,,,,2024-07-01T10:55:58.670000,2024-07-01_270,,,False,0.5121301412582397,,True,Detection,,
2024-07-01T11:01:06.980000,,,2024-07-01,R50D6,,,,,AM,,,,2024-07-01T11:01:06.980000,2024-07-01_271,,,False,0.24393214285373688,,True,Detection,,
2024-07-01T11:01:35.040000,,,2024-07-01,R50D6,,,,,AM,,,,2024-07-01T11:01:35.040000,2024-07-01_272,,,False,0.6480055451393127,,True,Detection,,
2024-07-01T11:03:09.380000,,,2024-07-01,R50D6,,,,,AM,,,,2024-07-01T11:03:09.380000,2024-07-01_273,,,False,0.4630291163921356,,True,Detection,,
2024-07-01T11:03:38,,,2024-07-01,R50D6,,,,,AM,,,,2024-07-01T11:03:38,2024-07-01_274,,,False,0.8732928037643433,,True,Detection,,
2024-07-01T11:03:41.350000,,,2024-07-01,R50D6,,,,,AM,,,,2024-07-01T11:03:41.350000,2024-07-01_275,,,False,0.29215943813323975,,True,Detection,,
2024-07-01T11:04:36.630000,,,2024-07-01,R50D6,,,,,AM,,,,2024-07-01T11:04:36.630000,2024-07-01_276,,,False,0.39165976643562317,,True,Detection,,
2024-07-01T11:04:50.960000,,,2024-07-01,R50D6,,,,,AM,,,,2024-07-01T11:04:50.960000,2024-07-01_277,,,False,0.41006797552108765,,True,Detection,,
2024-07-01T11:05:24.070000,,,2024-07-01,R50D6,,,,,AM,,,,2024-07-01T11:05:24.070000,2024-07-01_278,,,False,0.27204498648643494,,True,Detection,,
2024-07-01T11:05:25.070000,,,2024-07-01,R50D6,,,,,AM,,,,2024-07-01T11:05:25.070000,2024-07-01_279,,,False,0.4059450030326843,,True,Detection,,
2024-07-01T11:05:48.280000,,,2024-07-01,R50D6,,,,,AM,,,,2024-07-01T11:05:48.280000,2024-07-01_280,,,False,0.33388417959213257,,True,Detection,,
2024-07-01T11:06:50.500000,,,2024-07-01,R50D6,,,,,AM,,,,2024-07-01T11:06:50.500000,2024-07-01_281,,,False,0.2572440207004547,,True,Detection,,
2024-07-01T11:07:36.010000,,,2024-07-01,R50D6,,,,,AM,,,,2024-07-01T11:07:36.010000,2024-07-01_282,,,False,0.5233412981033325,,True,Detection,,
2024-07-01T11:09:39,,,2024-07-01,R50D6,,,,,AM,,,,2024-07-01T11:09:39,2024-07-01_283,,,False,0.7289478778839111,,True,Detection,,
2024-07-01T11:10:26.090000,,,2024-07-01,R50D6,,,,,AM,,,,2024-07-01T11:10:26.090000,2024-07-01_284,,,False,0.8325489163398743,,True,Detection,,
2024-07-01T11:11:51.080000,,,2024-07-01,R50D6,,,,,AM,,,,2024-07-01T11:11:51.080000,2024-07-01_285,,,False,0.8058274984359741,,True,Detection,,
2024-07-01T11:13:13.290000,,,2024-07-01,R50D6,,,,,AM,,,,2024-07-01T11:13:13.290000,2024-07-01_286,,,False,0.770677924156189,,True,Detection,,
2024-07-01T11:15:11,,,2024-07-01,R50D6,,,,,AM,,,,2024-07-01T11:15:11,2024-07-01_287,,,False,0.7727032899856567,,True,Detection,,
2024-07-01T11:17:30.510000,,,2024-07-01,R50D6,,,,,AM,,,,2024-07-01T11:17:30.510000,2024-07-01_288,,,False,0.7175635695457458,,True,Detection,,
2024-07-01T11:18:03,,,2024-07-01,R50D6,,,,,AM,,,,2024-07-01T11:18:03,2024-07-01_289,,,False,0.41872960329055786,,True,Detection,,
2024-07-01T11:19:21.090000,,,2024-07-01,R50D6,,,,,AM,,,,2024-07-01T11:19:21.090000,2024-07-01_290,,,False,0.7660998106002808,,True,Detection,,
2024-07-01T11:19:50.990000,,,2024-07-01,R50D6,,,,,AM,,,,2024-07-01T11:19:50.990000,2024-07-01_291,,,False,0.2887249290943146,,True,Detection,,
2024-07-01T11:20:25.880000,,,2024-07-01,R50D6,,,,,AM,,,,2024-07-01T11:20:25.880000,2024-07-01_292,,,False,0.5302771925926208,,True,Detection,,
2024-07-01T11:23:04.920000,,,2024-07-01,R50D6,,,,,AM,,,,2024-07-01T11:23:04.920000,2024-07-01_293,,,False,0.7280692458152771,,True,Detection,,
2024-07-01T11:32:39.040000,,,2024-07-01,R50D6,,,,,AM,,,,2024-07-01T11:32:39.040000,2024-07-01_294,,,False,0.37246230244636536,,True,Detection,,
2024-07-01T11:33:37.190000,,,2024-07-01,R50D6,,,,,AM,,,,2024-07-01T11:33:37.190000,2024-07-01_295,,,False,0.3741997182369232,,True,Detection,,
2024-07-01T11:36:15.410000,,,2024-07-01,R50D6,,,,,AM,,,,2024-07-01T11:36:15.410000,2024-07-01_296,,,False,0.42266616225242615,,True,Detection,,
2024-07-01T11:38:35.990000,,,2024-07-01,R50D6,,,,,AM,,,,2024-07-01T11:38:35.990000,2024-07-01_297,,,False,0.4456727206707001,,True,Detection,,
2024-07-01T11:39:50.730000,,,2024-07-01,R50D6,,,,,AM,,,,2024-07-01T11:39:50.730000,2024-07-01_298,,,False,0.49591466784477234,,True,Detection,,
2024-07-01T11:40:21.140000,,,2024-07-01,R50D6,,,,,AM,,,,2024-07-01T11:40:21.140000,2024-07-01_299,,,False,0.7572295069694519,,True,Detection,,
2024-07-01T11:45:08.030000,,,2024-07-01,R50D6,,,,,AM,,,,2024-07-01T11:45:08.030000,2024-07-01_300,,,False,0.6746599674224854,,True,Detection,,
,,,2024-07-01,R50D6,,,,,AM,,,,2024-07-01T11:45:08.920000,2024-07-01_301,,,False,,,True,Detection,,
2024-07-01T11:45:51.070000,,,2024-07-01,R50D6,,,,,AM,,,,2024-07-01T11:45:51.070000,2024-07-01_302,,,False,0.5682917237281799,,True,Detection,,
2024-07-01T11:46:37.010000,,,2024-07-01,R50D6,,,,,AM,,,,2024-07-01T11:46:37.010000,2024-07-01_303,,,False,0.8801959753036499,,True,Detection,,
2024-07-01T11:47:36.530000,,,2024-07-01,R50D6,,,,,AM,,,,2024-07-01T11:47:36.530000,2024-07-01_304,,,False,0.4511001706123352,,True,Detection,,
2024-07-01T11:48:19.090000,,,2024-07-01,R50D6,,,,,AM,,,,2024-07-01T11:48:19.090000,2024-07-01_305,,,False,0.3089122474193573,,True,Detection,,
2024-07-01T11:49:40.880000,,,2024-07-01,R50D6,,,,,AM,,,,2024-07-01T11:49:40.880000,2024-07-01_306,,,False,0.6056020259857178,,True,Detection,,
2024-07-01T11:50:05,,,2024-07-01,R50D6,,,,,AM,,,,2024-07-01T11:50:05,2024-07-01_307,,,False,0.35859590768814087,,True,Detection,,
2024-07-01T11:50:58.060000,,,2024-07-01,R50D6,,,,,AM,,,,2024-07-01T11:50:58.060000,2024-07-01_308,,,False,0.23152197897434235,,True,Detection,,
2024-07-01T11:51:51.510000,,,2024-07-01,R50D6,,,,,AM,,,,2024-07-01T11:51:51.510000,2024-07-01_309,,,False,0.25617802143096924,,True,Detection,,
2024-07-01T11:53:38.830000,,,2024-07-01,R50D6,,,,,AM,,,,2024-07-01T11:53:38.830000,2024-07-01_310,,,False,0.7263950109481812,,True,Detection,,
2024-07-01T11:54:09,,,2024-07-01,R50D6,,,,,AM,,,,2024-07-01T11:54:09,2024-07-01_311,,,False,0.4633065462112427,,True,Detection,,
2024-07-01T11:54:23.110000,,,2024-07-01,R50D6,,,,,AM,,,,2024-07-01T11:54:23.110000,2024-07-01_312,,,False,0.46262994408607483,,True,Detection,,
2024-07-01T11:55:45.870000,,,2024-07-01,R50D6,,,,,AM,,,,2024-07-01T11:55:45.870000,2024-07-01_313,,,False,0.7936710715293884,,True,Detection,,
2024-07-01T11:59:05,,,2024-07-01,R50D6,,,,,AM,,,,2024-07-01T11:59:05,2024-07-01_314,,,False,0.6943503618240356,,True,Detection,,
2024-07-01T11:59:38.960000,,,2024-07-01,R50D6,,,,,AM,,,,2024-07-01T11:59:38.960000,2024-07-01_315,,,False,0.6112971305847168,,True,Detection,,
2024-07-01T12:00:55.620000,,,2024-07-01,R50D6,,,,,AM,,,,2024-07-01T12:00:55.620000,2024-07-01_316,,,False,0.26682454347610474,,True,Detection,,
2024-07-01T12:01:20.190000,,,2024-07-01,R50D6,,,,,AM,,,,2024-07-01T12:01:20.190000,2024-07-01_317,,,False,0.3432294726371765,,True,Detection,,
2024-07-01T12:03:06.920000,,,2024-07-01,R50D6,,,,,AM,,,,2024-07-01T12:03:06.920000,2024-07-01_318,,,False,0.44705528020858765,,True,Detection,,
2024-07-01T12:04:09,,,2024-07-01,R50D6,,,,,AM,,,,2024-07-01T12:04:09,2024-07-01_319,,,False,0.9060742855072021,,True,Detection,,
2024-07-01T12:06:39,,,2024-07-01,R50D6,,,,,AM,,,,2024-07-01T12:06:39,2024-07-01_320,,,False,0.8073050379753113,,True,Detection,,
2024-07-01T12:14:09,,,2024-07-01,R50D6,,,,,AM,,,,2024-07-01T12:14:09,2024-07-01_321,,,False,0.8961265087127686,,True,Detection,,
2024-07-01T12:21:40.970000,,,2024-07-01,R50D6,,,,,AM,,,,2024-07-01T12:21:40.970000,2024-07-01_322,,,False,0.26410579681396484,,True,Detection,,
2024-07-01T12:22:22.080000,,,2024-07-01,R50D6,,,,,AM,,,,2024-07-01T12:22:22.080000,2024-07-01_323,,,False,0.7966031432151794,,True,Detection,,
2024-07-01T12:24:23.090000,,,2024-07-01,R50D6,,,,,AM,,,,2024-07-01T12:24:23.090000,2024-07-01_324,,,False,0.3480892777442932,,True,Detection,,
2024-07-01T12:25:06.980000,,,2024-07-01,R50D6,,,,,AM,,,,2024-07-01T12:25:06.980000,2024-07-01_325,,,False,0.23069974780082703,,True,Detection,,
2024-07-01T12:25:27.960000,,,2024-07-01,R50D6,,,,,AM,,,,2024-07-01T12:25:27.960000,2024-07-01_326,,,False,0.24063098430633545,,True,Detection,,
2024-07-01T12:26:40.980000,,,2024-07-01,R50D6,,,,,AM,,,,2024-07-01T12:26:40.980000,2024-07-01_327,,,False,0.4857230484485626,,True,Detection,,
2024-07-01T12:28:08.070000,,,2024-07-01,R50D6,,,,,AM,,,,2024-07-01T12:28:08.070000,2024-07-01_328,,,False,0.8679236769676208,,True,Detection,,
,,,2024-07-01,R50D6,,,,,AM,,,,2024-07-01T12:28:08.770000,2024-07-01_329,,,False,,,True,Detection,,
2024-07-01T12:29:05.880000,,,2024-07-01,R50D6,,,,,AM,,,,2024-07-01T12:29:05.880000,2024-07-01_330,,,False,0.4129958748817444,,True,Detection,,
2024-07-01T12:29:40.550000,,,2024-07-01,R50D6,,,,,AM,,,,2024-07-01T12:29:40.550000,2024-07-01_331,,,False,0.27920863032341003,,True,Detection,,
2024-07-01T12:30:26.200000,,,2024-07-01,R50D6,,,,,AM,,,,2024-07-01T12:30:26.200000,2024-07-01_332,,,False,0.48660793900489807,,True,Detection,,
2024-07-01T12:30:37.720000,,,2024-07-01,R50D6,,,,,AM,,,,2024-07-01T12:30:37.720000,2024-07-01_333,,,False,0.32270097732543945,,True,Detection,,
2024-07-01T12:32:08,,,2024-07-01,R50D6,,,,,AM,,,,2024-07-01T12:32:08,2024-07-01_334,,,False,0.6462056040763855,,True,Detection,,
2024-07-01T12:39:09,,,2024-07-01,R50D6,,,,,AM,,,,2024-07-01T12:39:09,2024-07-01_335,,,False,0.8045870661735535,,True,Detection,,
2024-07-01T12:39:36.990000,,,2024-07-01,R50D6,,,,,AM,,,,2024-07-01T12:39:36.990000,2024-07-01_336,,,False,0.27764183282852173,,True,Detection,,
2024-07-01T12:41:37.950000,,,2024-07-01,R50D6,,,,,AM,,,,2024-07-01T12:41:37.950000,2024-07-01_337,,,False,0.2349701225757599,,True,Detection,,
2024-07-01T12:48:03.150000,,,2024-07-01,R50D6,,,,,AM,,,,2024-07-01T12:48:03.150000,2024-07-01_338,,,False,0.5349574685096741,,True,Detection,,
2024-07-01T12:49:30.660000,,,2024-07-01,R50D6,,,,,AM,,,,2024-07-01T12:49:30.660000,2024-07-01_339,,,False,0.8338413238525391,,True,Detection,,
,,,2024-07-01,R50D6,,,,,AM,,,,2024-07-01T12:49:31.290000,2024-07-01_340,,,False,,,True,Detection,,
2024-07-01T12:50:38,,,2024-07-01,R50D6,,,,,AM,,,,2024-07-01T12:50:38,2024-07-01_341,,,False,0.6629598736763,,True,Detection,,
2024-07-01T12:51:47.860000,,,2024-07-01,R50D6,,,,,AM,,,,2024-07-01T12:51:47.860000,2024-07-01_342,,,False,0.23828445374965668,,True,Detection,,
2024-07-01T12:52:23,,,2024-07-01,R50D6,,,,,AM,,,,2024-07-01T12:52:23,2024-07-01_343,,,False,0.2541967034339905,,True,Detection,,
2024-07-01T12:52:54.010000,,,2024-07-01,R50D6,,,,,AM,,,,2024-07-01T12:52:54.010000,2024-07-01_344,,,False,0.4756011962890625,,True,Detection,,
2024-07-01T12:53:39.010000,,,2024-07-01,R50D6,,,,,AM,,,,2024-07-01T12:53:39.010000,2024-07-01_345,,,False,0.8864433169364929,,True,Detection,,
2024-07-01T12:54:51.120000,,,2024-07-01,R50D6,,,,,AM,,,,2024-07-01T12:54:51.120000,2024-07-01_346,,,False,0.8402022123336792,,True,Detection,,
2024-07-01T12:56:54.870000,,,2024-07-01,R50D6,,,,,AM,,,,2024-07-01T12:56:54.870000,2024-07-01_347,,,False,0.2516917288303375,,True,Detection,,
2024-07-01T12:58:39,,,2024-07-01,R50D6,,,,,AM,,,,2024-07-01T12:58:39,2024-07-01_348,,,False,0.8251252770423889,,True,Detection,,
2024-07-01T12:58:39.970000,,,2024-07-01,R50D6,,,,,AM,,,,2024-07-01T12:58:39.970000,2024-07-01_349,,,False,0.20256924629211426,,True,Detection,,
2024-07-01T13:00:07.670000,,,2024-07-01,R50D6,,,,,AM,,,,2024-07-01T13:00:07.670000,2024-07-01_350,,,False,0.5724678039550781,,True,Detection,,
2024-07-01T13:00:43.130000,,,2024-07-01,R50D6,,,,,AM,,,,2024-07-01T13:00:43.130000,2024-07-01_351,,,False,0.4652695059776306,,True,Detection,,
2024-07-01T13:01:24.140000,,,2024-07-01,R50D6,,,,,AM,,,,2024-07-01T13:01:24.140000,2024-07-01_352,,,False,0.7075677514076233,,True,Detection,,
2024-07-01T13:01:48.700000,,,2024-07-01,R50D6,,,,,AM,,,,2024-07-01T13:01:48.700000,2024-07-01_353,,,False,0.633109986782074,,True,Detection,,
2024-07-01T13:07:12.720000,,,2024-07-01,R50D6,,,,,AM,,,,2024-07-01T13:07:12.720000,2024-07-01_354,,,False,0.7392475605010986,,True,Detection,,
2024-07-01T13:10:20.020000,,,2024-07-01,R50D6,,,,,AM,,,,2024-07-01T13:10:20.020000,2024-07-01_355,,,False,0.5006851553916931,,True,Detection,,
2024-07-01T13:12:22.380000,,,2024-07-01,R50D6,,,,,AM,,,,2024-07-01T13:12:22.380000,2024-07-01_356,,,False,0.36329174041748047,,True,Detection,,
2024-07-01T13:12:52.030000,,,2024-07-01,R50D6,,,,,AM,,,,2024-07-01T13:12:52.030000,2024-07-01_357,,,False,0.48347771167755127,,True,Detection,,
2024-07-01T13:13:26.690000,,,2024-07-01,R50D6,,,,,AM,,,,2024-07-01T13:13:26.690000,2024-07-01_358,,,False,0.7826720476150513,,True,Detection,,
2024-07-01T13:14:06.010000,,,2024-07-01,R50D6,,,,,AM,,,,2024-07-01T13:14:06.010000,2024-07-01_359,,,False,0.8697338104248047,,True,Detection,,
2024-07-01T13:14:46.700000,,,2024-07-01,R50D6,,,,,AM,,,,2024-07-01T13:14:46.700000,2024-07-01_360,,,False,0.5211973786354065,,True,Detection,,
2024-07-01T13:16:10.960000,,,2024-07-01,R50D6,,,,,AM,,,,2024-07-01T13:16:10.960000,2024-07-01_361,,,False,0.5920084118843079,,True,Detection,,
2024-07-01T13:17:19.390000,,,2024-07-01,R50D6,,,,,AM,,,,2024-07-01T13:17:19.390000,2024-07-01_362,,,False,0.23090581595897675,,True,Detection,,
2024-07-01T13:18:10.060000,,,2024-07-01,R50D6,,,,,AM,,,,2024-07-01T13:18:10.060000,2024-07-01_363,,,False,0.4781845510005951,,True,Detection,,
,,,2024-07-01,R50D6,,,,,AM,,,,2024-07-01T13:18:10.600000,2024-07-01_364,,,False,,,True,Detection,,
2024-07-01T13:20:52.250000,,,2024-07-01,R50D6,,,,,AM,,,,2024-07-01T13:20:52.250000,2024-07-01_365,,,False,0.4953433573246002,,True,Detection,,
2024-07-01T13:21:23.230000,,,2024-07-01,R50D6,,,,,AM,,,,2024-07-01T13:21:23.230000,2024-07-01_366,,,False,0.21652014553546906,,True,Detection,,
2024-07-01T13:23:50.940000,,,2024-07-01,R50D6,,,,,AM,,,,2024-07-01T13:23:50.940000,2024-07-01_367,,,False,0.8332412838935852,,True,Detection,,
2024-07-01T13:24:23.170000,,,2024-07-01,R50D6,,,,,AM,,,,2024-07-01T13:24:23.170000,2024-07-01_368,,,False,0.641340434551239,,True,Detection,,
2024-07-01T13:24:35.100000,,,2024-07-01,R50D6,,,,,AM,,,,2024-07-01T13:24:35.100000,2024-07-01_369,,,False,0.40157902240753174,,True,Detection,,
2024-07-01T13:29:35.940000,,,2024-07-01,R50D6,,,,,AM,,,,2024-07-01T13:29:35.940000,2024-07-01_370,,,False,0.34564682841300964,,True,Detection,,
2024-07-01T13:30:13.150000,,,2024-07-01,R50D6,,,,,AM,,,,2024-07-01T13:30:13.150000,2024-07-01_371,,,False,0.3815244138240814,,True,Detection,,
2024-07-01T13:30:18.260000,,,2024-07-01,R50D6,,,,,AM,,,,2024-07-01T13:30:18.260000,2024-07-01_372,,,False,0.21629060804843903,,True,Detection,,
2024-07-01T13:31:47.470000,,,2024-07-01,R50D6,,,,,AM,,,,2024-07-01T13:31:47.470000,2024-07-01_373,,,False,0.47336214780807495,,True,Detection,,
2024-07-01T13:32:36.010000,,,2024-07-01,R50D6,,,,,AM,,,,2024-07-01T13:32:36.010000,2024-07-01_374,,,False,0.7058830857276917,,True,Detection,,
2024-07-01T13:36:06,,,2024-07-01,R50D6,,,,,AM,,,,2024-07-01T13:36:06,2024-07-01_375,,,False,0.4860256314277649,,True,Detection,,
2024-07-01T13:36:37.960000,,,2024-07-01,R50D6,,,,,AM,,,,2024-07-01T13:36:37.960000,2024-07-01_376,,,False,0.22391609847545624,,True,Detection,,
2024-07-01T13:36:39,,,2024-07-01,R50D6,,,,,AM,,,,2024-07-01T13:36:39,2024-07-01_377,,,False,0.5493930578231812,,True,Detection,,
2024-07-01T13:39:05,,,2024-07-01,R50D6,,,,,AM,,,,2024-07-01T13:39:05,2024-07-01_378,,,False,0.24536651372909546,,True,Detection,,
2024-07-01T13:39:06.010000,,,2024-07-01,R50D6,,,,,AM,,,,2024-07-01T13:39:06.010000,2024-07-01_379,,,False,0.34738755226135254,,True,Detection,,
2024-07-01T13:41:53.070000,,,2024-07-01,R50D6,,,,,AM,,,,2024-07-01T13:41:53.070000,2024-07-01_380,,,False,0.4158955514431,,True,Detection,,
2024-07-01T13:43:07,,,2024-07-01,R50D6,,,,,AM,,,,2024-07-01T13:43:07,2024-07-01_381,,,False,0.48006340861320496,,True,Detection,,
2024-07-01T13:49:26.030000,,,2024-07-01,R50D6,,,,,AM,,,,2024-07-01T13:49:26.030000,2024-07-01_382,,,False,0.28616076707839966,,True,Detection,,
2024-07-01T13:50:55.980000,,,2024-07-01,R50D6,,,,,AM,,,,2024-07-01T13:50:55.980000,2024-07-01_383,,,False,0.5208300948143005,,True,Detection,,
2024-07-01T13:51:37.990000,,,2024-07-01,R50D6,,,,,AM,,,,2024-07-01T13:51:37.990000,2024-07-01_384,,,False,0.44576361775398254,,True,Detection,,
2024-07-01T13:51:38.990000,,,2024-07-01,R50D6,,,,,AM,,,,2024-07-01T13:51:38.990000,2024-07-01_385,,,False,0.3902532756328583,,True,Detection,,
2024-07-01T13:55:52.980000,,,2024-07-01,R50D6,,,,,AM,,,,2024-07-01T13:55:52.980000,2024-07-01_386,,,False,0.28720563650131226,,True,Detection,,
2024-07-01T13:59:07.010000,,,2024-07-01,R50D6,,,,,AM,,,,2024-07-01T13:59:07.010000,2024-07-01_387,,,False,0.6901705861091614,,True,Detection,,
2024-07-01T14:00:08.010000,,,2024-07-01,R50D6,,,,,AM,,,,2024-07-01T14:00:08.010000,2024-07-01_388,,,False,0.3287695050239563,,True,Detection,,
2024-07-01T14:01:34.600000,,,2024-07-01,R50D6,,,,,AM,,,,2024-07-01T14:01:34.600000,2024-07-01_389,,,False,0.4768158495426178,,True,Detection,,
2024-07-01T14:01:35,,,2024-07-01,R50D6,,,,,AM,,,,2024-07-01T14:01:35,2024-07-01_390,,,False,0.3765081763267517,,True,Detection,,
2024-07-01T14:02:00.620000,,,2024-07-01,R50D6,,,,,AM,,,,2024-07-01T14:02:00.620000,2024-07-01_391,,,False,0.4490165412425995,,True,Detection,,
2024-07-01T14:03:54.420000,,,2024-07-01,R50D6,,,,,AM,,,,2024-07-01T14:03:54.420000,2024-07-01_392,,,False,0.30643022060394287,,True,Detection,,
2024-07-01T14:04:24.050000,,,2024-07-01,R50D6,,,,,AM,,,,2024-07-01T14:04:24.050000,2024-07-01_393,,,False,0.5605020523071289,,True,Detection,,
2024-07-01T14:11:07,,,2024-07-01,R50D6,,,,,AM,,,,2024-07-01T14:11:07,2024-07-01_394,,,False,0.8194869160652161,,True,Detection,,
2024-07-01T14:11:53.980000,,,2024-07-01,R50D6,,,,,AM,,,,2024-07-01T14:11:53.980000,2024-07-01_395,,,False,0.3454582393169403,,True,Detection,,
2024-07-01T14:13:23.880000,,,2024-07-01,R50D6,,,,,AM,,,,2024-07-01T14:13:23.880000,2024-07-01_396,,,False,0.23337322473526,,True,Detection,,
2024-07-01T14:14:05,,,2024-07-01,R50D6,,,,,AM,,,,2024-07-01T14:14:05,2024-07-01_397,,,False,0.43923598527908325,,True,Detection,,
2024-07-01T14:14:15.730000,,,2024-07-01,R50D6,,,,,AM,,,,2024-07-01T14:14:15.730000,2024-07-01_398,,,False,0.39119601249694824,,True,Detection,,
2024-07-01T14:14:51.960000,,,2024-07-01,R50D6,,,,,AM,,,,2024-07-01T14:14:51.960000,2024-07-01_399,,,False,0.5452231168746948,,True,Detection,,
2024-07-01T14:15:36.940000,,,2024-07-01,R50D6,,,,,AM,,,,2024-07-01T14:15:36.940000,2024-07-01_400,,,False,0.5046022534370422,,True,Detection,,
2024-07-01T14:16:55.310000,,,2024-07-01,R50D6,,,,,AM,,,,2024-07-01T14:16:55.310000,2024-07-01_401,,,False,0.5430735349655151,,True,Detection,,
2024-07-01T14:20:09.980000,,,2024-07-01,R50D6,,,,,AM,,,,2024-07-01T14:20:09.980000,2024-07-01_402,,,False,0.8526656031608582,,True,Detection,,
2024-07-01T14:20:38.990000,,,2024-07-01,R50D6,,,,,AM,,,,2024-07-01T14:20:38.990000,2024-07-01_403,,,False,0.2782217264175415,,True,Detection,,
2024-07-01T14:22:06,,,2024-07-01,R50D6,,,,,AM,,,,2024-07-01T14:22:06,2024-07-01_404,,,False,0.8454930186271667,,True,Detection,,
2024-07-01T14:23:02.690000,,,2024-07-01,R50D6,,,,,AM,,,,2024-07-01T14:23:02.690000,2024-07-01_405,,,False,0.42035114765167236,,True,Detection,,
2024-07-01T14:27:06.950000,,,2024-07-01,R50D6,,,,,AM,,,,2024-07-01T14:27:06.950000,2024-07-01_406,,,False,0.2456922084093094,,True,Detection,,
2024-07-01T14:28:23.080000,,,2024-07-01,R50D6,,,,,AM,,,,2024-07-01T14:28:23.080000,2024-07-01_407,,,False,0.29964837431907654,,True,Detection,,
2024-07-01T14:31:19.500000,,,2024-07-01,R50D6,,,,,AM,,,,2024-07-01T14:31:19.500000,2024-07-01_408,,,False,0.355137437582016,,True,Detection,,
2024-07-01T14:33:08.690000,,,2024-07-01,R50D6,,,,,AM,,,,2024-07-01T14:33:08.690000,2024-07-01_409,,,False,0.5139003396034241,,True,Detection,,
2024-07-01T14:36:10.860000,,,2024-07-01,R50D6,,,,,AM,,,,2024-07-01T14:36:10.860000,2024-07-01_410,,,False,0.7571826577186584,,True,Detection,,
2024-07-01T14:39:26.020000,,,2024-07-01,R50D6,,,,,AM,,,,2024-07-01T14:39:26.020000,2024-07-01_411,,,False,0.4681470990180969,,True,Detection,,
2024-07-01T14:46:39.940000,,,2024-07-01,R50D6,,,,,AM,,,,2024-07-01T14:46:39.940000,2024-07-01_412,,,False,0.6158462166786194,,True,Detection,,
,,,2024-07-01,R50D6,,,,,AM,,,,2024-07-01T14:46:40.660000,2024-07-01_413,,,False,,,True,Detection,,
2024-07-01T14:50:40.870000,,,2024-07-01,R50D6,,,,,AM,,,,2024-07-01T14:50:40.870000,2024-07-01_414,,,False,0.7378222942352295,,True,Detection,,
,,,2024-07-01,R50D6,,,,,AM,,,,2024-07-01T14:50:41.350000,2024-07-01_415,,,False,,,True,Detection,,
2024-07-01T14:54:35.210000,,,2024-07-01,R50D6,,,,,AM,,,,2024-07-01T14:54:35.210000,2024-07-01_416,,,False,0.3829011023044586,,True,Detection,,
2024-07-01T14:56:08,,,2024-07-01,R50D6,,,,,AM,,,,2024-07-01T14:56:08,2024-07-01_417,,,False,0.5898903608322144,,True,Detection,,
2024-07-01T15:03:37.980000,,,2024-07-01,R50D6,,,,,AM,,,,2024-07-01T15:03:37.980000,2024-07-01_418,,,False,0.4504779279232025,,True,Detection,,
2024-07-01T15:14:36.980000,,,2024-07-01,R50D6,,,,,AM,,,,2024-07-01T15:14:36.980000,2024-07-01_419,,,False,0.7228207588195801,,True,Detection,,
2024-07-01T15:15:42.990000,,,2024-07-01,R50D6,,,,,AM,,,,2024-07-01T15:15:42.990000,2024-07-01_420,,,False,0.6831822991371155,,True,Detection,,
2024-07-01T15:17:36.020000,,,2024-07-01,R50D6,,,,,AM,,,,2024-07-01T15:17:36.020000,2024-07-01_421,,,False,0.8256968259811401,,True,Detection,,
2024-07-01T15:18:19.070000,,,2024-07-01,R50D6,,,,,AM,,,,2024-07-01T15:18:19.070000,2024-07-01_422,,,False,0.20731720328330994,,True,Detection,,
2024-07-01T15:18:20.040000,,,2024-07-01,R50D6,,,,,AM,,,,2024-07-01T15:18:20.040000,2024-07-01_423,,,False,0.2474280297756195,,True,Detection,,
2024-07-01T15:21:52.020000,,,2024-07-01,R50D6,,,,,AM,,,,2024-07-01T15:21:52.020000,2024-07-01_424,,,False,0.7302027940750122,,True,Detection,,
2024-07-01T15:22:20.560000,,,2024-07-01,R50D6,,,,,AM,,,,2024-07-01T15:22:20.560000,2024-07-01_425,,,False,0.5028963088989258,,True,Detection,,
2024-07-01T15:23:09.010000,,,2024-07-01,R50D6,,,,,AM,,,,2024-07-01T15:23:09.010000,2024-07-01_426,,,False,0.7764164209365845,,True,Detection,,
2024-07-01T15:24:33.950000,,,2024-07-01,R50D6,,,,,AM,,,,2024-07-01T15:24:33.950000,2024-07-01_427,,,False,0.26092252135276794,,True,Detection,,
2024-07-01T15:25:06,,,2024-07-01,R50D6,,,,,AM,,,,2024-07-01T15:25:06,2024-07-01_428,,,False,0.5365577340126038,,True,Detection,,
2024-07-01T15:29:03.990000,,,2024-07-01,R50D6,,,,,AM,,,,2024-07-01T15:29:03.990000,2024-07-01_429,,,False,0.42278698086738586,,True,Detection,,
2024-07-01T15:29:49.140000,,,2024-07-01,R50D6,,,,,AM,,,,2024-07-01T15:29:49.140000,2024-07-01_430,,,False,0.5503679513931274,,True,Detection,,
2024-07-01T15:30:27.910000,,,2024-07-01,R50D6,,,,,AM,,,,2024-07-01T15:30:27.910000,2024-07-01_431,,,False,0.4230480492115021,,True,Detection,,
2024-07-01T15:32:37,,,2024-07-01,R50D6,,,,,AM,,,,2024-07-01T15:32:37,2024-07-01_432,,,False,0.6823486089706421,,True,Detection,,
2024-07-01T15:32:37.980000,,,2024-07-01,R50D6,,,,,AM,,,,2024-07-01T15:32:37.980000,2024-07-01_433,,,False,0.3378421366214752,,True,Detection,,
2024-07-01T15:36:46.290000,,,2024-07-01,R50D6,,,,,AM,,,,2024-07-01T15:36:46.290000,2024-07-01_434,,,False,0.5280795097351074,,True,Detection,,
2024-07-01T15:40:22.100000,,,2024-07-01,R50D6,,,,,AM,,,,2024-07-01T15:40:22.100000,2024-07-01_435,,,False,0.485777348279953,,True,Detection,,
2024-07-01T15:42:20.360000,,,2024-07-01,R50D6,,,,,AM,,,,2024-07-01T15:42:20.360000,2024-07-01_436,,,False,0.24384577572345734,,True,Detection,,
,,,2024-07-01,R50D6,,,,,AM,,,,2024-07-01T15:42:24.240000,2024-07-01_437,,,False,,,True,Detection,,
2024-07-01T15:42:55.050000,,,2024-07-01,R50D6,,,,,AM,,,,2024-07-01T15:42:55.050000,2024-07-01_438,,,False,0.5522682070732117,,True,Detection,,
2024-07-01T15:44:22,,,2024-07-01,R50D6,,,,,AM,,,,2024-07-01T15:44:22,2024-07-01_439,,,False,0.6047243475914001,,True,Detection,,
2024-07-01T15:45:53.880000,,,2024-07-01,R50D6,,,,,AM,,,,2024-07-01T15:45:53.880000,2024-07-01_440,,,False,0.7854147553443909,,True,Detection,,
2024-07-01T15:51:33.900000,,,2024-07-01,R50D6,,,,,AM,,,,2024-07-01T15:51:33.900000,2024-07-01_441,,,False,0.42114800214767456,,True,Detection,,
2024-07-01T15:53:38.950000,,,2024-07-01,R50D6,,,,,AM,,,,2024-07-01T15:53:38.950000,2024-07-01_442,,,False,0.6281007528305054,,True,Detection,,
2024-07-01T15:54:23.090000,,,2024-07-01,R50D6,,,,,AM,,,,2024-07-01T15:54:23.090000,2024-07-01_443,,,False,0.8858768343925476,,True,Detection,,
2024-07-01T15:56:07.880000,,,2024-07-01,R50D6,,,,,AM,,,,2024-07-01T15:56:07.880000,2024-07-01_444,,,False,0.21942833065986633,,True,Detection,,
2024-07-01T15:56:35,,,2024-07-01,R50D6,,,,,AM,,,,2024-07-01T15:56:35,2024-07-01_445,,,False,0.8916206955909729,,True,Detection,,
2024-07-01T15:58:14.170000,,,2024-07-01,R50D6,,,,,AM,,,,2024-07-01T15:58:14.170000,2024-07-01_446,,,False,0.20965465903282166,,True,Detection,,
,,,2024-07-01,R50D6,,,,,AM,,,,2024-07-01T15:58:14.440000,2024-07-01_447,,,False,,,True,Detection,,
2024-07-01T16:03:53.180000,,,2024-07-01,R50D6,,,,,AM,,,,2024-07-01T16:03:53.180000,2024-07-01_448,,,False,0.5530749559402466,,True,Detection,,
2024-07-01T16:09:22.920000,,,2024-07-01,R50D6,,,,,AM,,,,2024-07-01T16:09:22.920000,2024-07-01_449,,,False,0.23032136261463165,,True,Detection,,
2024-07-01T16:10:53.930000,,,2024-07-01,R50D6,,,,,AM,,,,2024-07-01T16:10:53.930000,2024-07-01_450,,,False,0.4601871371269226,,True,Detection,,
2024-07-01T16:14:06.990000,,,2024-07-01,R50D6,,,,,AM,,,,2024-07-01T16:14:06.990000,2024-07-01_451,,,False,0.8015414476394653,,True,Detection,,
2024-07-01T16:14:54.990000,,,2024-07-01,R50D6,,,,,AM,,,,2024-07-01T16:14:54.990000,2024-07-01_452,,,False,0.28206536173820496,,True,Detection,,
2024-07-01T16:16:49.970000,,,2024-07-01,R50D6,,,,,AM,,,,2024-07-01T16:16:49.970000,2024-07-01_453,,,False,0.3433946967124939,,True,Detection,,
2024-07-01T16:19:35,,,2024-07-01,R50D6,,,,,AM,,,,2024-07-01T16:19:35,2024-07-01_454,,,False,0.5031151175498962,,True,Detection,,
2024-07-01T16:25:39,,,2024-07-01,R50D6,,,,,AM,,,,2024-07-01T16:25:39,2024-07-01_455,,,False,0.6641389727592468,,True,Detection,,
2024-07-01T16:35:05.990000,,,2024-07-01,R50D6,,,,,AM,,,,2024-07-01T16:35:05.990000,2024-07-01_456,,,False,0.3012562692165375,,True,Detection,,
2024-07-01T16:39:33.650000,,,2024-07-01,R50D6,,,,,AM,,,,2024-07-01T16:39:33.650000,2024-07-01_457,,,False,0.21346858143806458,,True,Detection,,
2024-07-01T16:41:05,,,2024-07-01,R50D6,,,,,AM,,,,2024-07-01T16:41:05,2024-07-01_458,,,False,0.8823436498641968,,True,Detection,,
2024-07-01T16:49:40.990000,,,2024-07-01,R50D6,,,,,AM,,,,2024-07-01T16:49:40.990000,2024-07-01_459,,,False,0.2146778702735901,,True,Detection,,
2024-07-01T16:50:14.020000,,,2024-07-01,R50D6,,,,,AM,,,,2024-07-01T16:50:14.020000,2024-07-01_460,,,False,0.7124311923980713,,True,Detection,,
2024-07-01T16:52:33.470000,,,2024-07-01,R50D6,,,,,AM,,,,2024-07-01T16:52:33.470000,2024-07-01_461,,,False,0.7088645696640015,,True,Detection,,
2024-07-01T16:52:49.750000,,,2024-07-01,R50D6,,,,,AM,,,,2024-07-01T16:52:49.750000,2024-07-01_462,,,False,0.2607806622982025,,True,Detection,,
2024-07-01T16:56:47.960000,,,2024-07-01,R50D6,,,,,AM,,,,2024-07-01T16:56:47.960000,2024-07-01_463,,,False,0.2218438982963562,,True,Detection,,
2024-07-01T16:57:50.030000,,,2024-07-01,R50D6,,,,,AM,,,,2024-07-01T16:57:50.030000,2024-07-01_464,,,False,0.2567785978317261,,True,Detection,,
2024-07-01T17:00:14.980000,,,2024-07-01,R50D6,,,,,AM,,,,2024-07-01T17:00:14.980000,2024-07-01_465,,,False,0.6203455924987793,,True,Detection,,
2024-07-01T17:01:41.880000,,,2024-07-01,R50D6,,,,,AM,,,,2024-07-01T17:01:41.880000,2024-07-01_466,,,False,0.4771442413330078,,True,Detection,,
2024-07-01T17:02:47.530000,,,2024-07-01,R50D6,,,,,AM,,,,2024-07-01T17:02:47.530000,2024-07-01_467,,,False,0.4722023010253906,,True,Detection,,
2024-07-01T17:03:20.890000,,,2024-07-01,R50D6,,,,,AM,,,,2024-07-01T17:03:20.890000,2024-07-01_468,,,False,0.4201628565788269,,True,Detection,,
2024-07-01T17:07:05.010000,,,2024-07-01,R50D6,,,,,AM,,,,2024-07-01T17:07:05.010000,2024-07-01_469,,,False,0.6362056136131287,,True,Detection,,
2024-07-01T17:07:05.990000,,,2024-07-01,R50D6,,,,,AM,,,,2024-07-01T17:07:05.990000,2024-07-01_470,,,False,0.24503472447395325,,True,Detection,,
2024-07-01T17:13:36.010000,,,2024-07-01,R50D6,,,,,AM,,,,2024-07-01T17:13:36.010000,2024-07-01_471,,,False,0.7763794660568237,,True,Detection,,
2024-07-01T17:16:13.240000,,,2024-07-01,R50D6,,,,,AM,,,,2024-07-01T17:16:13.240000,2024-07-01_472,,,False,0.2880082428455353,,True,Detection,,
2024-07-01T17:18:54.090000,,,2024-07-01,R50D6,,,,,AM,,,,2024-07-01T17:18:54.090000,2024-07-01_473,,,False,0.4031214416027069,,True,Detection,,
2024-07-01T17:20:12.810000,,,2024-07-01,R50D6,,,,,AM,,,,2024-07-01T17:20:12.810000,2024-07-01_474,,,False,0.6400559544563293,,True,Detection,,
2024-07-01T17:21:42.410000,,,2024-07-01,R50D6,,,,,AM,,,,2024-07-01T17:21:42.410000,2024-07-01_475,,,False,0.41395217180252075,,True,Detection,,
2024-07-01T17:22:22,,,2024-07-01,R50D6,,,,,AM,,,,2024-07-01T17:22:22,2024-07-01_476,,,False,0.6060214042663574,,True,Detection,,
2024-07-01T17:25:25.050000,,,2024-07-01,R50D6,,,,,AM,,,,2024-07-01T17:25:25.050000,2024-07-01_477,,,False,0.8657668232917786,,True,Detection,,
2024-07-01T17:27:34.300000,,,2024-07-01,R50D6,,,,,AM,,,,2024-07-01T17:27:34.300000,2024-07-01_478,,,False,0.38901710510253906,,True,Detection,,
2024-07-01T17:30:20.030000,,,2024-07-01,R50D6,,,,,AM,,,,2024-07-01T17:30:20.030000,2024-07-01_479,,,False,0.23174042999744415,,True,Detection,,
2024-07-01T17:31:16.110000,,,2024-07-01,R50D6,,,,,AM,,,,2024-07-01T17:31:16.110000,2024-07-01_480,,,False,0.7121192216873169,,True,Detection,,
2024-07-01T17:35:38.020000,,,2024-07-01,R50D6,,,,,AM,,,,2024-07-01T17:35:38.020000,2024-07-01_481,,,False,0.8898248076438904,,True,Detection,,
2024-07-01T17:46:06.010000,,,2024-07-01,R50D6,,,,,AM,,,,2024-07-01T17:46:06.010000,2024-07-01_482,,,False,0.8931763768196106,,True,Detection,,
2024-07-01T17:49:53.070000,,,2024-07-01,R50D6,,,,,AM,,,,2024-07-01T17:49:53.070000,2024-07-01_483,,,False,0.7094679474830627,,True,Detection,,
2024-07-01T17:51:08,,,2024-07-01,R50D6,,,,,AM,,,,2024-07-01T17:51:08,2024-07-01_484,,,False,0.8575524687767029,,True,Detection,,
2024-07-01T17:55:25.050000,,,2024-07-01,R50D6,,,,,AM,,,,2024-07-01T17:55:25.050000,2024-07-01_485,,,False,0.6069764494895935,,True,Detection,,
2024-07-01T17:58:46.960000,,,2024-07-01,R50D6,,,,,AM,,,,2024-07-01T17:58:46.960000,2024-07-01_486,,,False,0.32172736525535583,,True,Detection,,
2024-07-01T18:05:26.740000,,,2024-07-01,R50D6,,,,,AM,,,,2024-07-01T18:05:26.740000,2024-07-01_487,,,False,0.7365817427635193,,True,Detection,,
2024-07-01T18:07:53.180000,,,2024-07-01,R50D6,,,,,AM,,,,2024-07-01T18:07:53.180000,2024-07-01_488,,,False,0.43184560537338257,,True,Detection,,
2024-07-01T18:08:11.650000,,,2024-07-01,R50D6,,,,,AM,,,,2024-07-01T18:08:11.650000,2024-07-01_489,,,False,0.36107349395751953,,True,Detection,,
2024-07-01T18:11:08.990000,,,2024-07-01,R50D6,,,,,AM,,,,2024-07-01T18:11:08.990000,2024-07-01_490,,,False,0.5503004193305969,,True,Detection,,
2024-07-01T18:18:51.970000,,,2024-07-01,R50D6,,,,,AM,,,,2024-07-01T18:18:51.970000,2024-07-01_491,,,False,0.5109734535217285,,True,Detection,,
2024-07-01T18:19:41.300000,,,2024-07-01,R50D6,,,,,AM,,,,2024-07-01T18:19:41.300000,2024-07-01_492,,,False,0.4669918417930603,,True,Detection,,
2024-07-01T18:22:06.980000,,,2024-07-01,R50D6,,,,,AM,,,,2024-07-01T18:22:06.980000,2024-07-01_493,,,False,0.8345212340354919,,True,Detection,,
,,,2024-07-01,R50D6,,,,,AM,,,,2024-07-01T18:22:07.340000,2024-07-01_494,,,False,,,True,Detection,,
2024-07-01T18:24:23.190000,,,2024-07-01,R50D6,,,,,AM,,,,2024-07-01T18:24:23.190000,2024-07-01_495,,,False,0.35350894927978516,,True,Detection,,
2024-07-01T18:25:26.920000,,,2024-07-01,R50D6,,,,,AM,,,,2024-07-01T18:25:26.920000,2024-07-01_496,,,False,0.6232788562774658,,True,Detection,,
2024-07-01T18:30:35,,,2024-07-01,R50D6,,,,,AM,,,,2024-07-01T18:30:35,2024-07-01_497,,,False,0.26355403661727905,,True,Detection,,
2024-07-01T18:30:35.820000,,,2024-07-01,R50D6,,,,,AM,,,,2024-07-01T18:30:35.820000,2024-07-01_498,,,False,0.2012377828359604,,True,Detection,,
2024-07-01T18:31:28.060000,,,2024-07-01,R50D6,,,,,AM,,,,2024-07-01T18:31:28.060000,2024-07-01_499,,,False,0.6266705989837646,,True,Detection,,
2024-07-01T18:32:36.020000,,,2024-07-01,R50D6,,,,,AM,,,,2024-07-01T18:32:36.020000,2024-07-01_500,,,False,0.3757709860801697,,True,Detection,,
2024-07-01T18:33:37.070000,,,2024-07-01,R50D6,,,,,AM,,,,2024-07-01T18:33:37.070000,2024-07-01_501,,,False,0.38003426790237427,,True,Detection,,
2024-07-01T18:34:23.050000,,,2024-07-01,R50D6,,,,,AM,,,,2024-07-01T18:34:23.050000,2024-07-01_502,,,False,0.7542173862457275,,True,Detection,,
2024-07-01T18:34:35.210000,,,2024-07-01,R50D6,,,,,AM,,,,2024-07-01T18:34:35.210000,2024-07-01_503,,,False,0.5419307351112366,,True,Detection,,
2024-07-01T18:41:28.180000,,,2024-07-01,R50D6,,,,,AM,,,,2024-07-01T18:41:28.180000,2024-07-01_504,,,False,0.30537351965904236,,True,Detection,,
2024-07-01T18:44:19.080000,,,2024-07-01,R50D6,,,,,AM,,,,2024-07-01T18:44:19.080000,2024-07-01_505,,,False,0.5314229726791382,,True,Detection,,
2024-07-01T18:46:18.990000,,,2024-07-01,R50D6,,,,,AM,,,,2024-07-01T18:46:18.990000,2024-07-01_506,,,False,0.7572031021118164,,True,Detection,,
2024-07-01T18:46:53.480000,,,2024-07-01,R50D6,,,,,AM,,,,2024-07-01T18:46:53.480000,2024-07-01_507,,,False,0.23927821218967438,,True,Detection,,
2024-07-01T18:48:12.310000,,,2024-07-01,R50D6,,,,,AM,,,,2024-07-01T18:48:12.310000,2024-07-01_508,,,False,0.5764151811599731,,True,Detection,,
2024-07-01T18:49:10.960000,,,2024-07-01,R50D6,,,,,AM,,,,2024-07-01T18:49:10.960000,2024-07-01_509,,,False,0.44303324818611145,,True,Detection,,
2024-07-01T18:51:24.050000,,,2024-07-01,R50D6,,,,,AM,,,,2024-07-01T18:51:24.050000,2024-07-01_510,,,False,0.5109282732009888,,True,Detection,,
2024-07-01T18:51:58.030000,,,2024-07-01,R50D6,,,,,AM,,,,2024-07-01T18:51:58.030000,2024-07-01_511,,,False,0.30456188321113586,,True,Detection,,
2024-07-01T18:54:36.010000,,,2024-07-01,R50D6,,,,,AM,,,,2024-07-01T18:54:36.010000,2024-07-01_512,,,False,0.7113231420516968,,True,Detection,,
2024-07-01T19:09:08.030000,,,2024-07-01,R50D6,,,,,AM,,,,2024-07-01T19:09:08.030000,2024-07-01_513,,,False,0.5236199498176575,,True,Detection,,
2024-07-01T19:09:36.280000,,,2024-07-01,R50D6,,,,,AM,,,,2024-07-01T19:09:36.280000,2024-07-01_514,,,False,0.2084716260433197,,True,Detection,,
2024-07-01T19:10:38.040000,,,2024-07-01,R50D6,,,,,AM,,,,2024-07-01T19:10:38.040000,2024-07-01_515,,,False,0.3418174982070923,,True,Detection,,
2024-07-01T19:28:12.040000,,,2024-07-01,R50D6,,,,,AM,,,,2024-07-01T19:28:12.040000,2024-07-01_516,,,False,0.7742169499397278,,True,Detection,,
2024-07-01T19:29:08.030000,,,2024-07-01,R50D6,,,,,AM,,,,2024-07-01T19:29:08.030000,2024-07-01_517,,,False,0.634443461894989,,True,Detection,,
2024-07-01T19:32:58.970000,,,2024-07-01,R50D6,,,,,AM,,,,2024-07-01T19:32:58.970000,2024-07-01_518,,,False,0.3175497055053711,,True,Detection,,
2024-07-01T19:33:47.950000,,,2024-07-01,R50D6,,,,,AM,,,,2024-07-01T19:33:47.950000,2024-07-01_519,,,False,0.258872926235199,,True,Detection,,
2024-07-01T19:40:50.900000,,,2024-07-01,R50D6,,,,,AM,,,,2024-07-01T19:40:50.900000,2024-07-01_520,,,False,0.7132662534713745,,True,Detection,,
2024-07-01T19:41:51.220000,,,2024-07-01,R50D6,,,,,AM,,,,2024-07-01T19:41:51.220000,2024-07-01_521,,,False,0.44726651906967163,,True,Detection,,
2024-07-01T19:42:55.990000,,,2024-07-01,R50D6,,,,,AM,,,,2024-07-01T19:42:55.990000,2024-07-01_522,,,False,0.2044294774532318,,True,Detection,,
2024-07-01T19:48:07.930000,,,2024-07-01,R50D6,,,,,AM,,,,2024-07-01T19:48:07.930000,2024-07-01_523,,,False,0.23390038311481476,,True,Detection,,
2024-07-01T19:51:17.950000,,,2024-07-01,R50D6,,,,,AM,,,,2024-07-01T19:51:17.950000,2024-07-01_524,,,False,0.8492628335952759,,True,Detection,,
,,,2024-07-01,R50D6,,,,,AM,,,,2024-07-01T19:51:18.430000,2024-07-01_525,,,False,,,True,Detection,,
2024-07-01T19:55:44.840000,,,2024-07-01,R50D6,,,,,AM,,,,2024-07-01T19:55:44.840000,2024-07-01_526,,,False,0.448323130607605,,True,Detection,,
2024-07-01T20:07:39.440000,,,2024-07-01,R50D6,,,,,AM,,,,2024-07-01T20:07:39.440000,2024-07-01_527,,,False,0.260912150144577,,True,Detection,,
2024-07-01T20:13:05.990000,,,2024-07-01,R50D6,,,,,AM,,,,2024-07-01T20:13:05.990000,2024-07-01_528,,,False,0.5976467728614807,,True,Detection,,
2024-07-01T20:14:22.040000,,,2024-07-01,R50D6,,,,,AM,,,,2024-07-01T20:14:22.040000,2024-07-01_529,,,False,0.23282788693904877,,True,Detection,,
2024-07-01T20:22:22.020000,,,2024-07-01,R50D6,,,,,AM,,,,2024-07-01T20:22:22.020000,2024-07-01_530,,,False,0.7353470325469971,,True,Detection,,
2024-07-01T20:25:07.960000,,,2024-07-01,R50D6,,,,,AM,,,,2024-07-01T20:25:07.960000,2024-07-01_531,,,False,0.288301944732666,,True,Detection,,
2024-07-01T20:32:26.600000,,,2024-07-01,R50D6,,,,,AM,,,,2024-07-01T20:32:26.600000,2024-07-01_532,,,False,0.43805500864982605,,True,Detection,,
2024-07-01T20:33:54.080000,,,2024-07-01,R50D6,,,,,AM,,,,2024-07-01T20:33:54.080000,2024-07-01_533,,,False,0.6777542233467102,,True,Detection,,
2024-07-01T20:36:16.020000,,,2024-07-01,R50D6,,,,,AM,,,,2024-07-01T20:36:16.020000,2024-07-01_534,,,False,0.49585169553756714,,True,Detection,,
2024-07-01T20:39:53.990000,,,2024-07-01,R50D6,,,,,AM,,,,2024-07-01T20:39:53.990000,2024-07-01_535,,,False,0.22337615489959717,,True,Detection,,
2024-07-01T20:40:35.940000,,,2024-07-01,R50D6,,,,,AM,,,,2024-07-01T20:40:35.940000,2024-07-01_536,,,False,0.4212794303894043,,True,Detection,,
2024-07-01T20:42:52.050000,,,2024-07-01,R50D6,,,,,AM,,,,2024-07-01T20:42:52.050000,2024-07-01_537,,,False,0.8196499347686768,,True,Detection,,
2024-07-01T20:43:11.850000,,,2024-07-01,R50D6,,,,,AM,,,,2024-07-01T20:43:11.850000,2024-07-01_538,,,False,0.2260609120130539,,True,Detection,,
2024-07-01T20:46:22.090000,,,2024-07-01,R50D6,,,,,AM,,,,2024-07-01T20:46:22.090000,2024-07-01_539,,,False,0.6529996395111084,,True,Detection,,
2024-07-01T21:04:36.020000,,,2024-07-01,R50D6,,,,,AM,,,,2024-07-01T21:04:36.020000,2024-07-01_540,,,False,0.8323661684989929,,True,Detection,,
2024-07-01T21:07:24.070000,,,2024-07-01,R50D6,,,,,AM,,,,2024-07-01T21:07:24.070000,2024-07-01_541,,,False,0.6280866265296936,,True,Detection,,
2024-07-01T21:09:06.990000,,,2024-07-01,R50D6,,,,,AM,,,,2024-07-01T21:09:06.990000,2024-07-01_542,,,False,0.5634784698486328,,True,Detection,,
2024-07-01T21:09:50.770000,,,2024-07-01,R50D6,,,,,AM,,,,2024-07-01T21:09:50.770000,2024-07-01_543,,,False,0.3365393877029419,,True,Detection,,
2024-07-01T21:15:37.080000,,,2024-07-01,R50D6,,,,,AM,,,,2024-07-01T21:15:37.080000,2024-07-01_544,,,False,0.3539069592952728,,True,Detection,,
2024-07-01T21:19:37.990000,,,2024-07-01,R50D6,,,,,AM,,,,2024-07-01T21:19:37.990000,2024-07-01_545,,,False,0.30545228719711304,,True,Detection,,
2024-07-01T21:25:21.050000,,,2024-07-01,R50D6,,,,,AM,,,,2024-07-01T21:25:21.050000,2024-07-01_546,,,False,0.39360713958740234,,True,Detection,,
2024-07-01T21:30:48.170000,,,2024-07-01,R50D6,,,,,AM,,,,2024-07-01T21:30:48.170000,2024-07-01_547,,,False,0.3892247974872589,,True,Detection,,
2024-07-01T21:32:51.910000,,,2024-07-01,R50D6,,,,,AM,,,,2024-07-01T21:32:51.910000,2024-07-01_548,,,False,0.2538072466850281,,True,Detection,,
2024-07-01T21:33:42.890000,,,2024-07-01,R50D6,,,,,AM,,,,2024-07-01T21:33:42.890000,2024-07-01_549,,,False,0.6182849407196045,,True,Detection,,
2024-07-01T21:39:21.050000,,,2024-07-01,R50D6,,,,,AM,,,,2024-07-01T21:39:21.050000,2024-07-01_550,,,False,0.2521536350250244,,True,Detection,,
2024-07-01T21:43:49.950000,,,2024-07-01,R50D6,,,,,AM,,,,2024-07-01T21:43:49.950000,2024-07-01_551,,,False,0.4246678650379181,,True,Detection,,
2024-07-01T21:46:36,,,2024-07-01,R50D6,,,,,AM,,,,2024-07-01T21:46:36,2024-07-01_552,,,False,0.30089640617370605,,True,Detection,,
2024-07-01T21:47:39,,,2024-07-01,R50D6,,,,,AM,,,,2024-07-01T21:47:39,2024-07-01_553,,,False,0.48759353160858154,,True,Detection,,
2024-07-01T21:49:38.970000,,,2024-07-01,R50D6,,,,,AM,,,,2024-07-01T21:49:38.970000,2024-07-01_554,,,False,0.8478745818138123,,True,Detection,,
,,,2024-07-01,R50D6,,,,,AM,,,,2024-07-01T21:49:39.760000,2024-07-01_555,,,False,,,True,Detection,,
2024-07-01T21:51:09.250000,,,2024-07-01,R50D6,,,,,AM,,,,2024-07-01T21:51:09.250000,2024-07-01_556,,,False,0.5021988153457642,,True,Detection,,
2024-07-01T21:56:37.010000,,,2024-07-01,R50D6,,,,,AM,,,,2024-07-01T21:56:37.010000,2024-07-01_557,,,False,0.5431739687919617,,True,Detection,,
2024-07-01T22:07:52.050000,,,2024-07-01,R50D6,,,,,AM,,,,2024-07-01T22:07:52.050000,2024-07-01_558,,,False,0.5567073822021484,,True,Detection,,
2024-07-01T22:11:51.760000,,,2024-07-01,R50D6,,,,,AM,,,,2024-07-01T22:11:51.760000,2024-07-01_559,,,False,0.576680600643158,,True,Detection,,
2024-07-01T22:18:49.070000,,,2024-07-01,R50D6,,,,,AM,,,,2024-07-01T22:18:49.070000,2024-07-01_560,,,False,0.6926769018173218,,True,Detection,,
2024-07-01T22:19:35.010000,,,2024-07-01,R50D6,,,,,AM,,,,2024-07-01T22:19:35.010000,2024-07-01_561,,,False,0.6324210166931152,,True,Detection,,
2024-07-01T22:23:36,,,2024-07-01,R50D6,,,,,AM,,,,2024-07-01T22:23:36,2024-07-01_562,,,False,0.6043817400932312,,True,Detection,,
2024-07-01T22:26:21.050000,,,2024-07-01,R50D6,,,,,AM,,,,2024-07-01T22:26:21.050000,2024-07-01_563,,,False,0.3140076696872711,,True,Detection,,
2024-07-01T22:26:22.030000,,,2024-07-01,R50D6,,,,,AM,,,,2024-07-01T22:26:22.030000,2024-07-01_564,,,False,0.20532795786857605,,True,Detection,,
2024-07-01T22:27:08.010000,,,2024-07-01,R50D6,,,,,AM,,,,2024-07-01T22:27:08.010000,2024-07-01_565,,,False,0.8539440035820007,,True,Detection,,
2024-07-01T22:27:50,,,2024-07-01,R50D6,,,,,AM,,,,2024-07-01T22:27:50,2024-07-01_566,,,False,0.5662466287612915,,True,Detection,,
2024-07-01T22:33:34.050000,,,2024-07-01,R50D6,,,,,AM,,,,2024-07-01T22:33:34.050000,2024-07-01_567,,,False,0.5454127788543701,,True,Detection,,
2024-07-01T22:36:38.010000,,,2024-07-01,R50D6,,,,,AM,,,,2024-07-01T22:36:38.010000,2024-07-01_568,,,False,0.6831257343292236,,True,Detection,,
2024-07-01T22:37:52.170000,,,2024-07-01,R50D6,,,,,AM,,,,2024-07-01T22:37:52.170000,2024-07-01_569,,,False,0.21234944462776184,,True,Detection,,
2024-07-01T22:44:05.760000,,,2024-07-01,R50D6,,,,,AM,,,,2024-07-01T22:44:05.760000,2024-07-01_570,,,False,0.2530529499053955,,True,Detection,,
2024-07-01T22:49:33.850000,,,2024-07-01,R50D6,,,,,AM,,,,2024-07-01T22:49:33.850000,2024-07-01_571,,,False,0.6024195551872253,,True,Detection,,
2024-07-01T22:51:04.220000,,,2024-07-01,R50D6,,,,,AM,,,,2024-07-01T22:51:04.220000,2024-07-01_572,,,False,0.514042317867279,,True,Detection,,
2024-07-01T22:59:07.970000,,,2024-07-01,R50D6,,,,,AM,,,,2024-07-01T22:59:07.970000,2024-07-01_573,,,False,0.2408779412508011,,True,Detection,,
2024-07-01T23:03:08.970000,,,2024-07-01,R50D6,,,,,AM,,,,2024-07-01T23:03:08.970000,2024-07-01_574,,,False,0.2128431648015976,,True,Detection,,
2024-07-01T23:03:09.970000,,,2024-07-01,R50D6,,,,,AM,,,,2024-07-01T23:03:09.970000,2024-07-01_575,,,False,0.21040602028369904,,True,Detection,,
2024-07-01T23:03:41.110000,,,2024-07-01,R50D6,,,,,AM,,,,2024-07-01T23:03:41.110000,2024-07-01_576,,,False,0.648852527141571,,True,Detection,,
2024-07-01T23:08:52.150000,,,2024-07-01,R50D6,,,,,AM,,,,2024-07-01T23:08:52.150000,2024-07-01_577,,,False,0.36376169323921204,,True,Detection,,
2024-07-01T23:10:07.900000,,,2024-07-01,R50D6,,,,,AM,,,,2024-07-01T23:10:07.900000,2024-07-01_578,,,False,0.28820711374282837,,True,Detection,,
2024-07-01T23:11:06.980000,,,2024-07-01,R50D6,,,,,AM,,,,2024-07-01T23:11:06.980000,2024-07-01_579,,,False,0.2173895239830017,,True,Detection,,
2024-07-01T23:11:07.990000,,,2024-07-01,R50D6,,,,,AM,,,,2024-07-01T23:11:07.990000,2024-07-01_580,,,False,0.36469754576683044,,True,Detection,,
2024-07-01T23:16:21.930000,,,2024-07-01,R50D6,,,,,AM,,,,2024-07-01T23:16:21.930000,2024-07-01_581,,,False,0.25359025597572327,,True,Detection,,
2024-07-01T23:19:24.990000,,,2024-07-01,R50D6,,,,,AM,,,,2024-07-01T23:19:24.990000,2024-07-01_582,,,False,0.24619771540164948,,True,Detection,,
2024-07-01T23:19:25.360000,,,2024-07-01,R50D6,,,,,AM,,,,2024-07-01T23:19:25.360000,2024-07-01_583,,,False,0.6502547860145569,,True,Detection,,
2024-07-01T23:21:58.560000,,,2024-07-01,R50D6,,,,,AM,,,,2024-07-01T23:21:58.560000,2024-07-01_584,,,False,0.5644190311431885,,True,Detection,,
2024-07-01T23:23:06.020000,,,2024-07-01,R50D6,,,,,AM,,,,2024-07-01T23:23:06.020000,2024-07-01_585,,,False,0.5633072853088379,,True,Detection,,
2024-07-01T23:27:06.990000,,,2024-07-01,R50D6,,,,,AM,,,,2024-07-01T23:27:06.990000,2024-07-01_586,,,False,0.347346693277359,,True,Detection,,
2024-07-01T23:27:07.940000,,,2024-07-01,R50D6,,,,,AM,,,,2024-07-01T23:27:07.940000,2024-07-01_587,,,False,0.5784496068954468,,True,Detection,,
2024-07-01T23:33:06.990000,,,2024-07-01,R50D6,,,,,AM,,,,2024-07-01T23:33:06.990000,2024-07-01_588,,,False,0.2267458587884903,,True,Detection,,
2024-07-01T23:36:50.900000,,,2024-07-01,R50D6,,,,,AM,,,,2024-07-01T23:36:50.900000,2024-07-01_589,,,False,0.5399807095527649,,True,Detection,,
2024-07-01T23:39:52.300000,,,2024-07-01,R50D6,,,,,AM,,,,2024-07-01T23:39:52.300000,2024-07-01_590,,,False,0.27068427205085754,,True,Detection,,
2024-07-01T23:41:44.770000,,,2024-07-01,R50D6,,,,,AM,,,,2024-07-01T23:41:44.770000,2024-07-01_591,,,False,0.8803442120552063,,True,Detection,,
2024-07-01T23:44:09.760000,,,2024-07-01,R50D6,,,,,AM,,,,2024-07-01T23:44:09.760000,2024-07-01_592,,,False,0.8508962988853455,,True,Detection,,
2024-07-01T23:45:06.030000,,,2024-07-01,R50D6,,,,,AM,,,,2024-07-01T23:45:06.030000,2024-07-01_593,,,False,0.35953590273857117,,True,Detection,,
2024-07-01T23:49:15.740000,,,2024-07-01,R50D6,,,,,AM,,,,2024-07-01T23:49:15.740000,2024-07-01_594,,,False,0.6281408071517944,,True,Detection,,
2024-07-01T23:51:30.470000,,,2024-07-01,R50D6,,,,,AM,,,,2024-07-01T23:51:30.470000,2024-07-01_595,,,False,0.7588509917259216,,True,Detection,,
2024-07-02T00:00:40.960000,,,2024-07-01,R50D6,,,,,AM,,,,2024-07-02T00:00:40.960000,2024-07-01_596,,,False,0.5328959822654724,,True,Detection,,
2024-07-02T00:01:37.040000,,,2024-07-01,R50D6,,,,,AM,,,,2024-07-02T00:01:37.040000,2024-07-01_597,,,False,0.5370663404464722,,True,Detection,,
