code,catalogued,s_predicted,p_confidence,p_predicted,plot_path,network,provider,epi_distance,s_detected,p_error,time,lat,unique_id,date,mag,detected,long,mag_type,depth,s_confidence,event_id,p_detected,s_error
R50D6,True,2024-06-02T00:16:52.993241,,2024-06-02T00:07:32.235285,,AM,EMSC,7935.005417813813,,,2024-06-01T23:56:09.551000,31.6636,2024-06-01_228,2024-06-01,2.5,False,-104.4062,ml,4.1,,quakeml:eu.emsc/event/20240601_0000251,,
R50D6,True,2024-06-02T00:00:16.818054,,2024-06-01T23:58:11.462313,,AM,EMSC,1222.502976087442,,,2024-06-01T23:55:32.490000,51.595,2024-06-01_229,2024-06-01,2.7,False,16.063,ml,10.0,,quakeml:eu.emsc/event/20240601_0000249,,
R50D6,True,2024-06-02T00:13:09.025591,,2024-06-02T00:03:48.285591,,AM,EMSC,7934.641631270037,,,2024-06-01T23:52:25.621000,31.6698,2024-06-01_230,2024-06-01,2.5,False,-104.4096,ml,4.5,,quakeml:eu.emsc/event/20240601_0000247,,
R50D6,True,2024-06-01T23:47:21.484971,,2024-06-01T23:37:28.046044,,AM,EMSC,8624.368917427251,,,2024-06-01T23:25:30,10.597,2024-06-01_231,2024-06-01,3.5,False,-84.96,m,4.0,,quakeml:eu.emsc/event/20240601_0000246,,
R50D6,True,2024-06-01T23:43:41.424208,0.14640501141548157,2024-06-01T23:34:20.672451,https://raw.githubusercontent.com/QingyuanZhangTony/test/main/data\AM.R50D6/2024-06-01/report/2024-06-01_232_event_plot.png?raw=true,AM,EMSC,7934.883695179153,,2.297549,2024-06-01T23:22:57.995000,31.6627,2024-06-01_232,2024-06-01,2.8,True,-104.4026,ml,5.2,,quakeml:eu.emsc/event/20240601_0000244,2024-06-01T23:34:22.970000,
R50D6,True,2024-06-01T23:25:38.522804,,2024-06-01T23:18:26.472356,,AM,EMSC,5535.406996666436,,,2024-06-01T23:09:31.300000,38.79,2024-06-01_233,2024-06-01,2.8,False,71.1,m,50.0,,quakeml:eu.emsc/event/20240601_0000284,,
R50D6,True,2024-06-01T23:01:15.774258,0.36953794956207275,2024-06-01T22:58:57.327101,https://raw.githubusercontent.com/QingyuanZhangTony/test/main/data\AM.R50D6/2024-06-01/report/2024-06-01_234_event_plot.png?raw=true,AM,EMSC,1360.7562404490627,,8.682899,2024-06-01T22:56:01.790000,42.5865,2024-06-01_234,2024-06-01,2.2,True,0.2622,ml,0.0,,quakeml:eu.emsc/event/20240601_0000238,2024-06-01T22:59:06.010000,
R50D6,True,2024-06-01T23:02:40.037871,,2024-06-01T22:58:08.954687,,AM,EMSC,2783.586933653299,,,2024-06-01T22:52:40.200000,38.8005,2024-06-01_235,2024-06-01,2.1,False,27.173,ml,4.1,,quakeml:eu.emsc/event/20240601_0000240,,
R50D6,True,2024-06-01T23:12:10.900804,,2024-06-01T23:02:58.297970,,AM,EMSC,7767.184045244035,,,2024-06-01T22:51:44.578000,41.9634,2024-06-01_236,2024-06-01,2.5,False,-119.6094,ml,6.5,,quakeml:eu.emsc/event/20240601_0000281,,
R50D6,True,2024-06-01T23:07:57.785024,,2024-06-01T22:58:37.113807,,AM,EMSC,7933.247803886068,,,2024-06-01T22:47:14.524582,31.685,2024-06-01_237,2024-06-01,2.1,False,-104.409,ml,3.9,,quakeml:eu.emsc/event/20240601_0000243,,
R50D6,True,2024-06-01T22:54:38.782608,,2024-06-01T22:50:12.426208,,AM,EMSC,2558.912844825119,,,2024-06-01T22:45:03.400000,38.37,2024-06-01_238,2024-06-01,2.1,False,22.38,ml,5.0,,quakeml:eu.emsc/event/20240601_0000236,,
R50D6,True,2024-06-01T23:03:07.222485,,2024-06-01T22:53:16.327249,,AM,EMSC,8556.006325596896,,,2024-06-01T22:41:21,31.43,2024-06-01_239,2024-06-01,3.0,False,-115.54,m,10.0,,quakeml:eu.emsc/event/20240601_0000255,,
R50D6,True,2024-06-01T22:50:52.411283,,2024-06-01T22:41:18.033517,,AM,EMSC,8208.551707053262,,,2024-06-01T22:29:40.500000,38.8075,2024-06-01_240,2024-06-01,2.2,False,-122.8167,md,3.1,,quakeml:eu.emsc/event/20240601_0000232,,
R50D6,True,2024-06-01T22:39:34.037163,,2024-06-01T22:34:38.490150,,AM,EMSC,3257.7716266088314,,,2024-06-01T22:28:34,37.4586,2024-06-01_241,2024-06-01,2.2,False,33.3981,ml,18.1,,quakeml:eu.emsc/event/20240601_0000234,,
R50D6,True,2024-06-01T22:45:32.080365,,2024-06-01T22:37:15.483342,,AM,EMSC,6706.9904121628215,,,2024-06-01T22:27:04.743000,18.0339,2024-06-01_242,2024-06-01,3.5,False,-65.3465,md,10.0,,quakeml:eu.emsc/event/20240601_0000242,,
R50D6,True,2024-06-01T22:43:42.404062,,2024-06-01T22:33:51.657854,,AM,EMSC,8552.822898948933,,,2024-06-01T22:21:56.490000,31.4968,2024-06-01_243,2024-06-01,3.0,False,-115.5997,m,8.8,,quakeml:eu.emsc/event/20240601_0000256,,
R50D6,True,2024-06-01T22:29:49.247724,,2024-06-01T22:24:45.333732,,AM,EMSC,3393.226685030374,,,2024-06-01T22:18:30,38.0033,2024-06-01_244,2024-06-01,1.0,False,36.3669,ml,7.0,,quakeml:eu.emsc/event/20240601_0000235,,
R50D6,True,2024-06-01T22:38:23.055754,,2024-06-01T22:29:02.339086,,AM,EMSC,7934.165726259474,,,2024-06-01T22:17:39.700000,31.6738,2024-06-01_245,2024-06-01,2.4,False,-104.4075,ml,2.7,,quakeml:eu.emsc/event/20240601_0000233,,
R50D6,True,2024-06-01T22:10:39.422123,,2024-06-01T22:08:24.073255,,AM,EMSC,1328.8602463846744,,,2024-06-01T22:05:32.460000,42.8159,2024-06-01_246,2024-06-01,2.6,False,-1.7804,ml,0.0,,quakeml:eu.emsc/event/20240601_0000229,,
R50D6,True,2024-06-01T22:17:32.136280,0.6561536192893982,2024-06-01T22:09:32.672169,https://raw.githubusercontent.com/QingyuanZhangTony/test/main/data\AM.R50D6/2024-06-01/report/2024-06-01_247_event_plot.png?raw=true,AM,EMSC,6395.693465182663,,4.337831,2024-06-01T21:59:41.679000,14.5093,2024-06-01_247,2024-06-01,4.5,True,51.9157,mb,10.0,,quakeml:eu.emsc/event/20240601_0000292,2024-06-01T22:09:37.010000,
R50D6,True,2024-06-01T22:09:57.938800,0.21939747035503387,2024-06-01T22:05:19.602487,https://raw.githubusercontent.com/QingyuanZhangTony/test/main/data\AM.R50D6/2024-06-01/report/2024-06-01_248_event_plot.png?raw=true,AM,EMSC,3050.6714258138895,,-3.072487,2024-06-01T21:59:27.500000,35.42,2024-06-01_248,2024-06-01,2.3,True,26.69,ml,10.0,,quakeml:eu.emsc/event/20240601_0000224,2024-06-01T22:05:16.530000,
R50D6,True,2024-06-01T22:19:34.308939,,2024-06-01T22:09:22.013829,,AM,EMSC,9023.8450523278,,,2024-06-01T21:57:04,19.45,2024-06-01_249,2024-06-01,3.7,False,-104.11,m,10.0,,quakeml:eu.emsc/event/20240601_0000257,,
R50D6,True,2024-06-01T22:03:49.644979,,2024-06-01T21:59:02.844978,,AM,EMSC,3000.938415082017,,,2024-06-01T21:53:15,37.6817,2024-06-01_250,2024-06-01,1.1,False,29.3306,ml,7.0,,quakeml:eu.emsc/event/20240601_0000227,,
R50D6,True,2024-06-01T22:14:34.850104,,2024-06-01T22:04:22.291103,,AM,EMSC,9031.538393386241,,,2024-06-01T21:52:04,16.83,2024-06-01_251,2024-06-01,3.3,False,-100.3,m,6.0,,quakeml:eu.emsc/event/20240601_0000258,,
R50D6,True,2024-06-01T21:59:17.077500,,2024-06-01T21:54:37.739305,,AM,EMSC,3068.7553286545663,,,2024-06-01T21:48:44,36.0911,2024-06-01_252,2024-06-01,1.1,False,28.1106,ml,7.0,,quakeml:eu.emsc/event/20240601_0000225,,
R50D6,True,2024-06-01T22:04:33.897146,,2024-06-01T21:54:42.676048,,AM,EMSC,8563.02694369981,,,2024-06-01T21:42:47,31.14,2024-06-01_253,2024-06-01,3.2,False,-115.15,m,4.3,,quakeml:eu.emsc/event/20240601_0000259,,
R50D6,True,2024-06-01T21:48:54.181879,,2024-06-01T21:44:22.309849,,AM,EMSC,2602.806849941224,,,2024-06-01T21:39:09.500000,37.411,2024-06-01_254,2024-06-01,2.6,False,-24.672,ml,2.6,,quakeml:eu.emsc/event/20240601_0000223,,
R50D6,True,2024-06-01T21:38:14.864273,,2024-06-01T21:36:35.259993,,AM,EMSC,794.1831780568439,,,2024-06-01T21:34:18.100000,50.109,2024-06-01_255,2024-06-01,0.3,False,7.342,ml,10.0,,quakeml:eu.emsc/event/20240601_0000275,,
R50D6,True,2024-06-01T21:43:05.995880,,2024-06-01T21:37:54.780551,,AM,EMSC,3512.017078979515,,,2024-06-01T21:31:30,38.0628,2024-06-01_256,2024-06-01,0.9,False,38.3731,ml,12.1,,quakeml:eu.emsc/event/20240601_0000230,,
R50D6,True,2024-06-01T21:40:04.672774,,2024-06-01T21:35:28.451379,,AM,EMSC,3012.030650706474,,,2024-06-01T21:29:39.800000,34.79,2024-06-01_257,2024-06-01,2.6,False,24.87,ml,17.0,,quakeml:eu.emsc/event/20240601_0000269,,
R50D6,True,2024-06-01T21:49:38.523167,,2024-06-01T21:39:24.171581,,AM,EMSC,9085.476107474991,,,2024-06-01T21:27:04,0.12,2024-06-01_258,2024-06-01,3.6,False,-77.26,m,5.0,,quakeml:eu.emsc/event/20240601_0000222,,
R50D6,True,2024-06-01T21:26:37.464438,,2024-06-01T21:21:54.633644,,AM,EMSC,2688.086788243486,,,2024-06-01T21:16:34.280000,38.6271,2024-06-01_259,2024-06-01,2.3,False,25.2038,ml,10.0,,quakeml:eu.emsc/event/20240601_0000215,,
R50D6,True,2024-06-01T21:16:16.378729,,2024-06-01T21:14:36.726298,,AM,EMSC,794.5678645963397,,,2024-06-01T21:12:19.500000,50.108,2024-06-01_260,2024-06-01,0.9,False,7.348,ml,11.0,,quakeml:eu.emsc/event/20240601_0000278,,
R50D6,True,2024-06-01T21:20:54.405932,,2024-06-01T21:16:03.302127,,AM,EMSC,3193.186867872389,,,2024-06-01T21:10:04.580000,28.0721,2024-06-01_261,2024-06-01,1.6,False,-16.1526,ml,5.5,,quakeml:eu.emsc/event/20240601_0000228,,
R50D6,True,2024-06-01T21:14:01.301235,,2024-06-01T21:11:47.682768,,AM,EMSC,1310.5898394200349,,,2024-06-01T21:08:58.260000,43.5825,2024-06-01_262,2024-06-01,2.2,False,-7.3024,ml,0.0,,quakeml:eu.emsc/event/20240601_0000221,,
R50D6,True,2024-06-01T21:30:00.816679,,2024-06-01T21:20:26.962591,,AM,EMSC,8206.003933117292,,,2024-06-01T21:08:50,23.91,2024-06-01_263,2024-06-01,3.5,False,94.1,m,77.0,,quakeml:eu.emsc/event/20240601_0000219,,
R50D6,True,2024-06-01T21:26:58.070488,,2024-06-01T21:16:51.249921,,AM,EMSC,8906.92675352183,,,2024-06-01T21:04:39,16.02,2024-06-01_264,2024-06-01,3.3,False,-97.1,m,25.4,,quakeml:eu.emsc/event/20240601_0000260,,
R50D6,True,2024-06-01T21:11:37.460311,,2024-06-01T21:06:59.632351,,AM,EMSC,3041.2021444348966,,,2024-06-01T21:01:08.360000,35.5085,2024-06-01_265,2024-06-01,2.2,False,26.6612,ml,8.9,,quakeml:eu.emsc/event/20240601_0000212,,
R50D6,True,2024-06-01T21:20:00.803183,,2024-06-01T21:10:23.530001,,AM,EMSC,8268.580215470483,,,2024-06-01T20:58:42.860000,37.8932,2024-06-01_266,2024-06-01,2.3,False,-122.2115,md,8.4,,quakeml:eu.emsc/event/20240601_0000211,,
R50D6,True,2024-06-01T20:51:26.400988,,2024-06-01T20:47:17.634442,,AM,EMSC,2420.7534819939533,,,2024-06-01T20:42:20.600000,39.21,2024-06-01_267,2024-06-01,2.2,False,21.16,ml,17.0,,quakeml:eu.emsc/event/20240601_0000210,,
R50D6,True,2024-06-01T21:00:04.464604,,2024-06-01T20:50:30.229176,,AM,EMSC,8205.613269387997,,,2024-06-01T20:38:52.850000,38.8355,2024-06-01_268,2024-06-01,2.2,False,-122.8107,md,2.0,,quakeml:eu.emsc/event/20240601_0000209,,
R50D6,True,2024-06-01T20:48:40.450469,,2024-06-01T20:43:35.141078,,AM,EMSC,3415.6635075905474,,,2024-06-01T20:37:18,38.4672,2024-06-01_269,2024-06-01,1.7,False,37.3281,ml,7.0,,quakeml:eu.emsc/event/20240601_0000213,,
R50D6,True,2024-06-01T20:52:34.552160,,2024-06-01T20:44:22.500866,,AM,EMSC,6604.199161132191,,,2024-06-01T20:34:16.979000,63.0889,2024-06-01_270,2024-06-01,3.0,False,-148.646,ml,75.2,,quakeml:eu.emsc/event/20240601_0000208,,
R50D6,True,2024-06-01T20:54:47.610054,,2024-06-01T20:44:52.622567,,AM,EMSC,8658.198818809235,,,2024-06-01T20:32:52.926000,9.6163,2024-06-01_271,2024-06-01,4.5,False,-84.1099,m,53.5,,quakeml:eu.emsc/event/20240601_0000280,,
R50D6,True,2024-06-01T20:29:17.413117,0.14315630495548248,2024-06-01T20:27:12.892018,https://raw.githubusercontent.com/QingyuanZhangTony/test/main/data\AM.R50D6/2024-06-01/report/2024-06-01_272_event_plot.png?raw=true,AM,EMSC,1217.4547072787345,,6.407982,2024-06-01T20:24:34.974370,43.8344,2024-06-01_272,2024-06-01,2.5,True,-0.6064,ml,5.0,,quakeml:eu.emsc/event/20240601_0000205,2024-06-01T20:27:19.300000,
R50D6,True,2024-06-01T20:29:21.248939,,2024-06-01T20:27:06.280983,,AM,EMSC,1324.9359749586094,,,2024-06-01T20:24:15.150000,42.8516,2024-06-01_273,2024-06-01,2.6,False,-1.8273,ml,1.0,,quakeml:eu.emsc/event/20240601_0000206,,
R50D6,True,2024-06-01T20:20:36.608250,0.1383424550294876,2024-06-01T20:15:32.101531,https://raw.githubusercontent.com/QingyuanZhangTony/test/main/data\AM.R50D6/2024-06-01/report/2024-06-01_274_event_plot.png?raw=true,AM,EMSC,3402.6162137648944,,17.818469,2024-06-01T20:09:16,38.4583,2024-06-01_274,2024-06-01,1.8,True,37.1053,ml,7.0,,quakeml:eu.emsc/event/20240601_0000207,2024-06-01T20:15:49.920000,
R50D6,True,2024-06-01T20:28:33.224922,,2024-06-01T20:18:33.614668,,AM,EMSC,8752.769149942675,,,2024-06-01T20:06:29,14.53,2024-06-01_275,2024-06-01,3.6,False,-92.51,m,87.4,,quakeml:eu.emsc/event/20240601_0000261,,
R50D6,True,2024-06-01T20:05:52.278313,,2024-06-01T19:57:34.921266,,AM,EMSC,6705.739634561901,,,2024-06-01T19:47:23.310000,45.0991,2024-06-01_276,2024-06-01,3.6,False,100.2267,m,10.0,,quakeml:eu.emsc/event/20240601_0000201,,
R50D6,True,2024-06-01T19:58:37.523446,,2024-06-01T19:53:26.077948,,AM,EMSC,3515.617851249976,,,2024-06-01T19:47:01,38.3339,2024-06-01_277,2024-06-01,1.3,False,38.7736,ml,9.4,,quakeml:eu.emsc/event/20240601_0000203,,
R50D6,True,2024-06-01T19:45:20.138054,,2024-06-01T19:40:33.566782,,AM,EMSC,2996.011478268646,,,2024-06-01T19:34:46,40.9394,2024-06-01_278,2024-06-01,1.0,False,33.6117,ml,6.5,,quakeml:eu.emsc/event/20240601_0000202,,
R50D6,True,2024-06-01T19:52:43.364008,,2024-06-01T19:42:52.400397,,AM,EMSC,8557.454848810583,,,2024-06-01T19:30:57,31.42,2024-06-01_279,2024-06-01,3.1,False,-115.55,m,10.0,,quakeml:eu.emsc/event/20240601_0000262,,
R50D6,True,2024-06-01T19:50:57.222485,,2024-06-01T19:41:06.327249,,AM,EMSC,8556.006325596896,,,2024-06-01T19:29:11,31.43,2024-06-01_280,2024-06-01,3.2,False,-115.54,m,10.0,,quakeml:eu.emsc/event/20240601_0000263,,
R50D6,True,2024-06-01T19:38:26.007593,,2024-06-01T19:33:37.426198,,AM,EMSC,3145.1522629454084,,,2024-06-01T19:27:42,36.8522,2024-06-01_281,2024-06-01,1.3,False,30.6189,ml,7.1,,quakeml:eu.emsc/event/20240601_0000197,,
R50D6,True,2024-06-01T19:47:17.754440,,2024-06-01T19:37:23.697726,,AM,EMSC,8633.206117183361,,,2024-06-01T19:25:25,16.36,2024-06-01_282,2024-06-01,3.7,False,-93.22,m,196.2,,quakeml:eu.emsc/event/20240601_0000264,,
R50D6,True,2024-06-01T19:35:58.333540,,2024-06-01T19:30:53.075107,,AM,EMSC,3414.8293513800413,,,2024-06-01T19:24:36,38.4728,2024-06-01_283,2024-06-01,2.3,False,37.3217,ml,5.6,,quakeml:eu.emsc/event/20240601_0000196,,
R50D6,True,2024-06-01T19:39:10.154149,,2024-06-01T19:29:34.352491,,AM,EMSC,8233.770731788318,,,2024-06-01T19:17:55.277000,51.1627,2024-06-01_284,2024-06-01,4.0,False,-178.8859,mb,41.3,,quakeml:eu.emsc/event/20240601_0000288,,
R50D6,True,2024-06-01T19:19:34.610786,,2024-06-01T19:15:56.492752,,AM,EMSC,2045.7302990799817,,,2024-06-01T19:11:31.780000,36.5682,2024-06-01_285,2024-06-01,1.7,False,-5.5042,ml,9.0,,quakeml:eu.emsc/event/20240601_0000199,,
R50D6,True,2024-06-01T19:17:52.128640,0.3194930851459503,2024-06-01T19:13:02.541824,https://raw.githubusercontent.com/QingyuanZhangTony/test/main/data\AM.R50D6/2024-06-01/report/2024-06-01_286_event_plot.png?raw=true,AM,EMSC,3159.464448658662,,20.768176,2024-06-01T19:07:05.800000,40.5458,2024-06-01_286,2024-06-01,2.4,True,35.7733,ml,7.0,,quakeml:eu.emsc/event/20240601_0000192,2024-06-01T19:13:23.310000,
R50D6,True,2024-06-01T19:01:29.215241,,2024-06-01T18:56:25.315399,,AM,EMSC,3392.540199909077,,,2024-06-01T18:50:10,38.8569,2024-06-01_287,2024-06-01,1.7,False,37.4461,ml,7.0,,quakeml:eu.emsc/event/20240601_0000191,,
R50D6,True,2024-06-01T19:11:53.535818,,2024-06-01T19:02:02.489128,,AM,EMSC,8559.233215683418,,,2024-06-01T18:50:07,31.39,2024-06-01_288,2024-06-01,3.4,False,-115.53,m,13.5,,quakeml:eu.emsc/event/20240601_0000265,,
R50D6,True,2024-06-01T19:10:54.777488,,2024-06-01T19:00:55.385973,,AM,EMSC,8750.803059499074,,,2024-06-01T18:48:51,10.98,2024-06-01_289,2024-06-01,3.1,False,-87.47,m,1.0,,quakeml:eu.emsc/event/20240601_0000187,,
R50D6,True,2024-06-01T19:05:01.734484,,2024-06-01T18:55:11.074771,,AM,EMSC,8551.055255449648,,,2024-06-01T18:43:16,31.45,2024-06-01_290,2024-06-01,3.2,False,-115.48,m,22.0,,quakeml:eu.emsc/event/20240601_0000266,,
R50D6,True,2024-06-01T18:52:43.930406,,2024-06-01T18:48:12.353522,,AM,EMSC,2790.8124793507213,,,2024-06-01T18:42:43,38.1203,2024-06-01_291,2024-06-01,1.4,False,26.2733,ml,7.0,,quakeml:eu.emsc/event/20240601_0000189,,
R50D6,True,2024-06-01T18:59:04.084859,,2024-06-01T18:49:26.732627,,AM,EMSC,8270.20890103502,,,2024-06-01T18:37:45.977000,37.8856,2024-06-01_292,2024-06-01,2.5,False,-122.2315,md,5.8,,quakeml:eu.emsc/event/20240601_0000182,,
R50D6,True,2024-06-01T18:41:51.507964,,2024-06-01T18:37:15.044982,,AM,EMSC,3014.860736868623,,,2024-06-01T18:31:26,37.1653,2024-06-01_293,2024-06-01,1.0,False,28.8069,ml,7.0,,quakeml:eu.emsc/event/20240601_0000188,,
R50D6,True,2024-06-01T18:38:16.154125,,2024-06-01T18:34:05.545484,,AM,EMSC,2435.42592472787,,,2024-06-01T18:29:07.260000,38.76,2024-06-01_294,2024-06-01,2.3,False,20.66,ml,5.0,,quakeml:eu.emsc/event/20240601_0000180,,
R50D6,True,2024-06-01T18:37:30.673559,,2024-06-01T18:32:19.598884,,AM,EMSC,3509.6607087075586,,,2024-06-01T18:25:55,38.1675,2024-06-01_295,2024-06-01,1.1,False,38.4678,ml,7.0,,quakeml:eu.emsc/event/20240601_0000183,,
R50D6,True,2024-06-01T18:47:28.676077,,2024-06-01T18:37:37.561532,,AM,EMSC,8560.681952757315,,,2024-06-01T18:25:42,31.38,2024-06-01_296,2024-06-01,3.2,False,-115.54,m,17.9,,quakeml:eu.emsc/event/20240601_0000267,,
R50D6,True,2024-06-01T18:34:19.398508,,2024-06-01T18:29:06.580507,,AM,EMSC,3539.5214284982853,,,2024-06-01T18:22:39.730000,35.6488,2024-06-01_297,2024-06-01,2.4,False,35.6105,ml,10.0,,quakeml:eu.emsc/event/20240601_0000178,,
R50D6,True,2024-06-01T18:34:08.035537,,2024-06-01T18:28:45.001588,,AM,EMSC,3704.6355946234867,,,2024-06-01T18:22:05,38.4494,2024-06-01_298,2024-06-01,1.5,False,41.9375,ml,7.0,,quakeml:eu.emsc/event/20240601_0000186,,
R50D6,True,2024-06-01T18:32:45.100377,,2024-06-01T18:27:22.038035,,AM,EMSC,3705.1000055559184,,,2024-06-01T18:20:42,38.4486,2024-06-01_299,2024-06-01,1.3,False,41.9439,ml,7.0,,quakeml:eu.emsc/event/20240601_0000185,,
R50D6,True,2024-06-01T18:41:04.408037,,2024-06-01T18:31:02.284062,,AM,EMSC,8806.85004614616,,,2024-06-01T18:18:55,14.14,2024-06-01_300,2024-06-01,3.7,False,-92.81,m,10.0,,quakeml:eu.emsc/event/20240601_0000268,,
R50D6,True,2024-06-01T18:21:28.876204,0.613558828830719,2024-06-01T18:16:56.871973,https://raw.githubusercontent.com/QingyuanZhangTony/test/main/data\AM.R50D6/2024-06-01/report/2024-06-01_301_event_plot.png?raw=true,AM,EMSC,2796.7379915347638,,-17.351973,2024-06-01T18:11:27,38.0675,2024-06-01_301,2024-06-01,1.8,True,26.2983,ml,7.0,,quakeml:eu.emsc/event/20240601_0000181,2024-06-01T18:16:39.520000,
R50D6,True,2024-06-01T18:29:48.506011,,2024-06-01T18:21:25.486362,,AM,EMSC,6826.54386863004,,,2024-06-01T18:11:07.400000,17.9297,2024-06-01_302,2024-06-01,2.1,False,-67.0928,md,7.8,,quakeml:eu.emsc/event/20240601_0000190,,
R50D6,True,2024-06-01T18:22:59.133082,,2024-06-01T18:17:36.056418,,AM,EMSC,3705.3304993925553,,,2024-06-01T18:10:56,38.4556,2024-06-01_303,2024-06-01,1.4,False,41.9561,ml,7.0,,quakeml:eu.emsc/event/20240601_0000184,,
R50D6,True,2024-06-01T18:17:29.737462,,2024-06-01T18:07:32.304020,,AM,EMSC,8710.7641289257,,,2024-06-01T17:55:30,8.947,2024-06-01_304,2024-06-01,3.4,False,-83.988,m,14.0,,quakeml:eu.emsc/event/20240601_0000179,,
R50D6,True,2024-06-01T18:03:55.022851,,2024-06-01T17:58:42.050201,,AM,EMSC,3540.421762054423,,,2024-06-01T17:52:15,38.4833,2024-06-01_305,2024-06-01,1.2,False,39.3589,ml,7.0,,quakeml:eu.emsc/event/20240601_0000176,,
R50D6,True,2024-06-01T18:03:36.525668,0.10657176375389099,2024-06-01T17:55:16.961274,https://raw.githubusercontent.com/QingyuanZhangTony/test/main/data\AM.R50D6/2024-06-01/report/2024-06-01_306_event_plot.png?raw=true,AM,EMSC,6743.571708887728,,-9.001274,2024-06-01T17:45:02.823000,60.1014,2024-06-01_306,2024-06-01,3.2,True,-140.8225,m,14.1,,quakeml:eu.emsc/event/20240601_0000174,2024-06-01T17:55:07.960000,
R50D6,True,2024-06-01T17:58:00.347172,,2024-06-01T17:48:26.043368,,AM,EMSC,8207.022824295795,,,2024-06-01T17:36:48.590000,38.8197,2024-06-01_307,2024-06-01,2.1,False,-122.8085,md,1.3,,quakeml:eu.emsc/event/20240601_0000170,,
R50D6,True,2024-06-01T17:52:43.115051,0.22300377488136292,2024-06-01T17:43:46.365629,https://raw.githubusercontent.com/QingyuanZhangTony/test/main/data\AM.R50D6/2024-06-01/report/2024-06-01_308_event_plot.png?raw=true,AM,EMSC,7455.339123117924,,20.524371,2024-06-01T17:32:50.226000,41.654,2024-06-01_308,2024-06-01,3.0,True,-112.3374,ml,9.4,,quakeml:eu.emsc/event/20240601_0000169,2024-06-01T17:44:06.890000,
R50D6,True,2024-06-01T17:35:28.343703,,2024-06-01T17:30:49.359892,,AM,EMSC,3062.952252514999,,,2024-06-01T17:24:56.200000,34.97,2024-06-01_309,2024-06-01,2.5,False,26.16,ml,0.0,,quakeml:eu.emsc/event/20240601_0000172,,
R50D6,True,2024-06-01T17:40:43.041511,,2024-06-01T17:32:27.826274,,AM,EMSC,6680.5316213377855,,,2024-06-01T17:22:18.670000,19.0793,2024-06-01_310,2024-06-01,3.3,False,-66.4012,md,14.1,,quakeml:eu.emsc/event/20240601_0000173,,
R50D6,True,2024-06-01T17:26:12.915659,,2024-06-01T17:21:43.604882,,AM,EMSC,2759.1340825878533,,,2024-06-01T17:16:17,38.8192,2024-06-01_311,2024-06-01,1.4,False,26.7692,ml,7.8,,quakeml:eu.emsc/event/20240601_0000168,,
R50D6,True,2024-06-01T16:57:21.853366,,2024-06-01T16:52:10.263926,,AM,EMSC,3518.0353245711713,,,2024-06-01T16:45:45,38.1892,2024-06-01_312,2024-06-01,1.3,False,38.6303,ml,7.0,,quakeml:eu.emsc/event/20240601_0000166,,
R50D6,True,2024-06-01T16:47:38.839783,,2024-06-01T16:42:32.489136,,AM,EMSC,3432.8093112838023,,,2024-06-01T16:36:14,38.1014,2024-06-01_313,2024-06-01,1.5,False,37.1389,ml,14.5,,quakeml:eu.emsc/event/20240601_0000165,,
R50D6,True,2024-06-01T16:41:34.971716,,2024-06-01T16:36:20.842691,,AM,EMSC,3558.917059989412,,,2024-06-01T16:29:52.300000,39.178,2024-06-01_314,2024-06-01,2.0,False,40.5067,ml,4.3,,quakeml:eu.emsc/event/20240601_0000164,,
R50D6,True,2024-06-01T16:24:38.703702,,2024-06-01T16:19:27.179549,,AM,EMSC,3516.944674863946,,,2024-06-01T16:13:02,38.2511,2024-06-01_315,2024-06-01,1.3,False,38.6908,ml,10.3,,quakeml:eu.emsc/event/20240601_0000161,,
R50D6,True,2024-06-01T15:58:54.966750,,2024-06-01T15:56:41.160427,,AM,EMSC,1312.935593078004,,,2024-06-01T15:53:51.500000,43.0092,2024-06-01_316,2024-06-01,2.4,False,0.1193,ml,5.5,,quakeml:eu.emsc/event/20240601_0000155,,
R50D6,True,2024-06-01T15:55:43.746792,,2024-06-01T15:51:09.993838,,AM,EMSC,2820.6743742079925,,,2024-06-01T15:45:38,38.3539,2024-06-01_317,2024-06-01,1.5,False,27.1625,ml,8.1,,quakeml:eu.emsc/event/20240601_0000158,,
R50D6,True,2024-06-01T15:41:57.584450,,2024-06-01T15:39:44.123449,,AM,EMSC,1309.3992445365313,,,2024-06-01T15:36:54.900000,43.0097,2024-06-01_318,2024-06-01,1.5,False,-0.5187,ml,1.0,,quakeml:eu.emsc/event/20240601_0000156,,
R50D6,True,2024-06-01T15:56:48.294441,,2024-06-01T15:47:26.517109,,AM,EMSC,7950.277370302848,,,2024-06-01T15:36:02.716000,43.6527,2024-06-01_319,2024-06-01,4.0,False,-127.7554,mw,5.6,,quakeml:eu.emsc/event/20240601_0000217,,
R50D6,True,2024-06-01T15:40:46.314091,,2024-06-01T15:35:35.396244,,AM,EMSC,3507.186897752763,,,2024-06-01T15:29:11,38.0167,2024-06-01_320,2024-06-01,1.1,False,38.2364,ml,7.0,,quakeml:eu.emsc/event/20240601_0000150,,
R50D6,True,2024-06-01T15:32:46.685684,,2024-06-01T15:27:36.041983,,AM,EMSC,3502.7046025637924,,,2024-06-01T15:21:12,38.0481,2024-06-01_321,2024-06-01,1.2,False,38.2039,ml,7.0,,quakeml:eu.emsc/event/20240601_0000148,,
R50D6,True,2024-06-01T15:16:24.539539,,2024-06-01T15:12:35.097613,,AM,EMSC,2204.3677654472635,,,2024-06-01T15:07:56.720000,39.3467,2024-06-01_322,2024-06-01,2.2,False,17.0252,ml,28.6,,quakeml:eu.emsc/event/20240601_0000146,,
R50D6,True,2024-06-01T15:23:24.483002,,2024-06-01T15:13:31.045008,,AM,EMSC,8624.357703381704,,,2024-06-01T15:01:33,10.59,2024-06-01_323,2024-06-01,3.2,False,-84.95,m,5.0,,quakeml:eu.emsc/event/20240601_0000145,,
R50D6,True,2024-06-01T15:04:17.908666,,2024-06-01T14:59:48.601055,,AM,EMSC,2759.087739012654,,,2024-06-01T14:54:22,38.8225,2024-06-01_324,2024-06-01,1.3,False,26.7733,ml,7.3,,quakeml:eu.emsc/event/20240601_0000147,,
R50D6,True,2024-06-01T14:52:28.884299,,2024-06-01T14:47:52.810678,,AM,EMSC,2852.981057563895,,,2024-06-01T14:42:18,37.8394,2024-06-01_325,2024-06-01,1.4,False,26.9564,ml,7.1,,quakeml:eu.emsc/event/20240601_0000143,,
R50D6,True,2024-06-01T14:31:48.446510,,2024-06-01T14:27:58.838489,,AM,EMSC,2206.711181308597,,,2024-06-01T14:23:20.260000,39.314,2024-06-01_326,2024-06-01,3.2,False,17.0099,ml,13.9,,quakeml:eu.emsc/event/20240601_0000142,,
R50D6,True,2024-06-01T14:32:54.429857,,2024-06-01T14:28:26.355577,,AM,EMSC,2742.86023525576,,,2024-06-01T14:23:01.250000,37.56,2024-06-01_327,2024-06-01,2.8,False,24.5,ml,5.0,,quakeml:eu.emsc/event/20240601_0000140,,
R50D6,True,2024-06-01T14:20:42.213358,,2024-06-01T14:15:29.594039,,AM,EMSC,3534.8608179347343,,,2024-06-01T14:09:03,38.1014,2024-06-01_328,2024-06-01,1.5,False,38.7906,ml,5.2,,quakeml:eu.emsc/event/20240601_0000139,,
R50D6,True,2024-06-01T13:58:59.700598,,2024-06-01T13:53:50.358941,,AM,EMSC,3481.359152940472,,,2024-06-01T13:47:28,38.3075,2024-06-01_329,2024-06-01,1.2,False,38.1881,ml,5.0,,quakeml:eu.emsc/event/20240601_0000136,,
R50D6,True,2024-06-01T14:01:33.543817,,2024-06-01T13:52:58.874159,,AM,EMSC,7030.08810900469,,,2024-06-01T13:42:27.546000,45.7926,2024-06-01_330,2024-06-01,3.1,False,-111.1679,ml,15.0,,quakeml:eu.emsc/event/20240601_0000137,,
R50D6,True,2024-06-01T14:00:13.707930,,2024-06-01T13:51:31.609500,,AM,EMSC,7168.6037958250345,,,2024-06-01T13:40:51.892000,58.1423,2024-06-01_331,2024-06-01,2.6,False,-151.2047,ml,35.0,,quakeml:eu.emsc/event/20240601_0000134,,
R50D6,True,2024-06-01T13:43:30.630638,,2024-06-01T13:33:32.764180,,AM,EMSC,8719.50551057723,,,2024-06-01T13:21:30,9.554,2024-06-01_332,2024-06-01,3.4,False,-84.978,m,28.0,,quakeml:eu.emsc/event/20240601_0000151,,
R50D6,True,2024-06-01T13:18:22.793231,,2024-06-01T13:13:44.322286,,AM,EMSC,3052.2344587375437,,,2024-06-01T13:07:52,36.8033,2024-06-01_333,2024-06-01,1.4,False,28.9192,ml,7.4,,quakeml:eu.emsc/event/20240601_0000123,,
R50D6,True,2024-06-01T13:21:34.634106,,2024-06-01T13:12:25.005147,,AM,EMSC,7712.418502312213,,,2024-06-01T13:01:14.567588,32.389,2024-06-01_334,2024-06-01,2.2,False,-101.613,ml,7.0,,quakeml:eu.emsc/event/20240601_0000254,,
R50D6,True,2024-06-01T12:59:26.083196,,2024-06-01T12:50:52.361747,,AM,EMSC,7009.261619689122,,,2024-06-01T12:40:22.110000,59.8638,2024-06-01_335,2024-06-01,4.4,False,-152.4117,mb,89.7,,quakeml:eu.emsc/event/20240601_0000119,,
R50D6,True,2024-06-01T12:40:37.578599,,2024-06-01T12:38:07.173584,,AM,EMSC,1484.0935492788121,,,2024-06-01T12:34:56.470000,41.7719,2024-06-01_336,2024-06-01,1.6,False,3.0672,ml,5.5,,quakeml:eu.emsc/event/20240601_0000120,,
R50D6,True,2024-06-01T12:28:31.652125,,2024-06-01T12:24:00.271863,,AM,EMSC,2598.882081470027,,,2024-06-01T12:18:47.800000,37.51,2024-06-01_337,2024-06-01,2.2,False,21.65,ml,5.0,,quakeml:eu.emsc/event/20240601_0000117,,
R50D6,True,2024-06-01T12:39:26.726520,,2024-06-01T12:29:52.355808,,AM,EMSC,8208.38384625627,,,2024-06-01T12:18:14.830000,38.8705,2024-06-01_338,2024-06-01,2.5,False,-122.9482,md,4.6,,quakeml:eu.emsc/event/20240601_0000116,,
R50D6,True,2024-06-01T12:28:55.163660,,2024-06-01T12:21:56.587988,,AM,EMSC,5300.942326538271,,,2024-06-01T12:13:17.600000,41.1,2024-06-01_339,2024-06-01,2.8,False,70.15,m,0.0,,quakeml:eu.emsc/event/20240601_0000283,,
R50D6,True,2024-06-01T12:13:08.821925,,2024-06-01T12:08:27.330175,,AM,EMSC,2677.525756052187,,,2024-06-01T12:03:07.900000,38.682,2024-06-01_340,2024-06-01,3.0,False,-28.221,ml,8.2,,quakeml:eu.emsc/event/20240601_0000114,,
R50D6,True,2024-06-01T11:42:51.764416,,2024-06-01T11:41:14.558006,,AM,EMSC,774.9431596549388,,,2024-06-01T11:39:00.700000,50.377,2024-06-01_341,2024-06-01,0.7,False,7.365,ml,12.0,,quakeml:eu.emsc/event/20240601_0000277,,
R50D6,True,2024-06-01T11:52:59.085178,,2024-06-01T11:42:46.168890,,AM,EMSC,9027.091462252976,,,2024-06-01T11:30:27.503000,37.6135,2024-06-01_342,2024-06-01,4.2,False,137.5007,mb,12.4,,quakeml:eu.emsc/event/20240601_0000291,,
R50D6,True,2024-06-01T11:38:55.466128,,2024-06-01T11:29:21.781407,,AM,EMSC,8201.8436901797,,,2024-06-01T11:17:45,24.71,2024-06-01_343,2024-06-01,3.3,False,95.21,m,10.0,,quakeml:eu.emsc/event/20240601_0000270,,
R50D6,True,2024-06-01T11:17:43.729718,,2024-06-01T11:09:20.068688,,AM,EMSC,6827.593151468464,,,2024-06-01T10:59:01.251000,34.1966,2024-06-01_344,2024-06-01,4.3,False,86.0853,mb,11.6,,quakeml:eu.emsc/event/20240601_0000279,,
R50D6,True,2024-06-01T11:07:41.318576,,2024-06-01T10:59:22.054578,,AM,EMSC,6737.977096807835,,,2024-06-01T10:49:08.260000,60.1575,2024-06-01_345,2024-06-01,3.5,False,-140.8238,m,14.1,,quakeml:eu.emsc/event/20240601_0000102,,
R50D6,True,2024-06-01T11:04:31.276800,,2024-06-01T10:56:12.120778,,AM,EMSC,6754.436698273626,,,2024-06-01T10:45:58.450000,18.1207,2024-06-01_346,2024-06-01,2.1,False,-66.2215,md,21.9,,quakeml:eu.emsc/event/20240601_0000111,,
R50D6,True,2024-06-01T11:07:02.896921,,2024-06-01T10:57:11.675916,,AM,EMSC,8563.02694369981,,,2024-06-01T10:45:16,31.14,2024-06-01_347,2024-06-01,3.1,False,-115.15,m,5.1,,quakeml:eu.emsc/event/20240601_0000124,,
R50D6,True,2024-06-01T11:00:01.686500,,2024-06-01T10:50:35.921223,,AM,EMSC,8032.494453536593,,,2024-06-01T10:39:07.760000,39.4637,2024-06-01_348,2024-06-01,2.1,False,-120.29,md,8.1,,quakeml:eu.emsc/event/20240601_0000099,,
R50D6,True,2024-06-01T10:41:07.641694,,2024-06-01T10:31:27.629748,,AM,EMSC,8340.187595483969,,,2024-06-01T10:19:44,14.02,2024-06-01_349,2024-06-01,3.0,False,-85.32,m,1.0,,quakeml:eu.emsc/event/20240601_0000096,,
R50D6,True,2024-06-01T10:40:40.833551,,2024-06-01T10:30:44.804310,,AM,EMSC,8674.382835126453,,,2024-06-01T10:18:44,17.09,2024-06-01_350,2024-06-01,3.8,False,-94.92,m,121.2,,quakeml:eu.emsc/event/20240601_0000125,,
R50D6,True,2024-06-01T10:23:03.754225,,2024-06-01T10:18:26.148919,,AM,EMSC,3036.7763763853977,,,2024-06-01T10:12:35.240000,35.96,2024-06-01_351,2024-06-01,2.7,False,27.32,ml,10.0,,quakeml:eu.emsc/event/20240601_0000093,,
R50D6,True,2024-06-01T10:28:16.274040,,2024-06-01T10:20:53.362701,,AM,EMSC,5724.183185079659,,,2024-06-01T10:11:45.250000,41.7737,2024-06-01_352,2024-06-01,2.6,False,-81.0275,ml,5.0,,quakeml:eu.emsc/event/20240601_0000112,,
R50D6,True,2024-06-01T10:21:03.734895,,2024-06-01T10:16:04.399594,,AM,EMSC,3319.0342560789577,,,2024-06-01T10:09:55,37.6917,2024-06-01_353,2024-06-01,1.5,False,34.7353,ml,7.1,,quakeml:eu.emsc/event/20240601_0000109,,
R50D6,True,2024-06-01T10:29:31.872932,,2024-06-01T10:19:39.696927,,AM,EMSC,8583.391003480663,,,2024-06-01T10:07:43,30.8,2024-06-01_354,2024-06-01,3.1,False,-114.93,m,4.1,,quakeml:eu.emsc/event/20240601_0000126,,
R50D6,True,2024-06-01T10:10:42.967870,,2024-06-01T10:09:03.572422,,AM,EMSC,792.510807067393,,,2024-06-01T10:06:46.700000,50.124,2024-06-01_355,2024-06-01,0.9,False,7.332,ml,10.0,,quakeml:eu.emsc/event/20240601_0000274,,
R50D6,True,2024-06-01T10:07:50.853607,,2024-06-01T10:03:40.376904,,AM,EMSC,2434.227385951129,,,2024-06-01T09:58:42.200000,39.14,2024-06-01_356,2024-06-01,2.4,False,21.3,ml,178.0,,quakeml:eu.emsc/event/20240601_0000092,,
R50D6,True,2024-06-01T10:10:38.453884,,2024-06-01T10:00:47.446759,,AM,EMSC,8558.389998375034,,,2024-06-01T09:48:52,31.41,2024-06-01_357,2024-06-01,3.2,False,-115.55,m,14.6,,quakeml:eu.emsc/event/20240601_0000127,,
R50D6,True,2024-06-01T10:08:43.856507,,2024-06-01T09:58:33.244634,,AM,EMSC,8989.290061821031,,,2024-06-01T09:46:17,16.29,2024-06-01_358,2024-06-01,3.4,False,-98.82,m,10.0,,quakeml:eu.emsc/event/20240601_0000128,,
R50D6,True,2024-06-01T09:52:28.523142,,2024-06-01T09:42:31.677729,,AM,EMSC,8697.796124301232,,,2024-06-01T09:30:30,9.454,2024-06-01_359,2024-06-01,3.1,False,-84.499,m,22.0,,quakeml:eu.emsc/event/20240601_0000152,,
R50D6,True,2024-06-01T09:40:55.053986,,2024-06-01T09:36:13.069315,,AM,EMSC,3116.201146173272,,,2024-06-01T09:30:15,38.7681,2024-06-01_360,2024-06-01,1.3,False,32.8069,ml,7.2,,quakeml:eu.emsc/event/20240601_0000106,,
R50D6,True,2024-06-01T09:47:56.519761,,2024-06-01T09:39:50.464619,,AM,EMSC,6493.801734555609,,,2024-06-01T09:29:51.847000,63.2053,2024-06-01_361,2024-06-01,3.0,False,-143.624,ml,5.7,,quakeml:eu.emsc/event/20240601_0000088,,
R50D6,True,2024-06-01T09:51:54.219480,,2024-06-01T09:41:46.353464,,AM,EMSC,8929.666477292772,,,2024-06-01T09:29:33,15.92,2024-06-01_362,2024-06-01,3.9,False,-97.32,m,4.0,,quakeml:eu.emsc/event/20240601_0000129,,
R50D6,True,2024-06-01T09:39:28.873611,,2024-06-01T09:34:41.519274,,AM,EMSC,3008.5990185671108,,,2024-06-01T09:28:53,37.6544,2024-06-01_363,2024-06-01,0.7,False,29.4239,ml,7.0,,quakeml:eu.emsc/event/20240601_0000100,,
R50D6,True,2024-06-01T09:49:22.040078,,2024-06-01T09:39:31.232965,,AM,EMSC,8554.136166894405,,,2024-06-01T09:27:36,31.45,2024-06-01_364,2024-06-01,3.2,False,-115.54,m,10.1,,quakeml:eu.emsc/event/20240601_0000130,,
R50D6,True,2024-06-01T09:30:08.796915,,2024-06-01T09:27:56.310295,,AM,EMSC,1299.3760992035866,,,2024-06-01T09:25:08.320000,43.0889,2024-06-01_365,2024-06-01,2.3,False,-0.8696,ml,3.1,,quakeml:eu.emsc/event/20240601_0000086,,
R50D6,True,2024-06-01T09:35:57.770187,,2024-06-01T09:30:51.885713,,AM,EMSC,3425.380391490391,,,2024-06-01T09:24:34,37.7967,2024-06-01_366,2024-06-01,1.6,False,36.6233,ml,7.0,,quakeml:eu.emsc/event/20240601_0000103,,
R50D6,True,2024-06-01T09:46:07.323564,,2024-06-01T09:36:16.379520,,AM,EMSC,8557.033049754875,,,2024-06-01T09:24:21,31.43,2024-06-01_367,2024-06-01,3.3,False,-115.56,m,8.6,,quakeml:eu.emsc/event/20240601_0000131,,
R50D6,True,2024-06-01T09:44:56.050779,,2024-06-01T09:35:05.238580,,AM,EMSC,8554.227607676226,,,2024-06-01T09:23:10,31.46,2024-06-01_368,2024-06-01,3.0,False,-115.56,m,5.8,,quakeml:eu.emsc/event/20240601_0000132,,
R50D6,True,2024-06-01T09:32:18.932311,,2024-06-01T09:27:12.541375,,AM,EMSC,3433.2931822457663,,,2024-06-01T09:20:54,38.3961,2024-06-01_369,2024-06-01,1.8,False,37.5233,ml,7.1,,quakeml:eu.emsc/event/20240601_0000101,,
R50D6,True,2024-06-01T09:19:33.036651,,2024-06-01T09:17:20.682562,,AM,EMSC,1298.0126921415979,,,2024-06-01T09:14:32.860000,43.1013,2024-06-01_370,2024-06-01,2.5,False,-0.8644,ml,4.5,,quakeml:eu.emsc/event/20240601_0000084,,
R50D6,True,2024-06-01T09:13:24.939738,,2024-06-01T09:09:48.195540,,AM,EMSC,2025.9443520671894,,,2024-06-01T09:05:25.140000,36.695,2024-06-01_371,2024-06-01,3.1,False,1.829,mb,4.8,,quakeml:eu.emsc/event/20240601_0000089,,
R50D6,True,2024-06-01T09:15:00.529000,,2024-06-01T09:05:40.833318,,AM,EMSC,7913.758722264364,,,2024-06-01T08:54:19.313769,31.47,2024-06-01_372,2024-06-01,2.1,False,-103.722,ml,9.0,,quakeml:eu.emsc/event/20240601_0000090,,
R50D6,True,2024-06-01T09:13:08.288367,,2024-06-01T09:04:03.061595,,AM,EMSC,7625.187153873772,,,2024-06-01T08:52:57.496000,32.905,2024-06-01_373,2024-06-01,3.2,False,-100.8814,ml,0.6,,quakeml:eu.emsc/event/20240601_0000081,,
R50D6,True,2024-06-01T09:03:00.919415,0.19284875690937042,2024-06-01T08:58:24.378283,https://raw.githubusercontent.com/QingyuanZhangTony/test/main/data\AM.R50D6/2024-06-01/report/2024-06-01_374_event_plot.png?raw=true,AM,EMSC,2858.523723818865,,11.931717,2024-06-01T08:52:49,39.3647,2024-06-01_374,2024-06-01,1.3,True,29.2786,ml,6.7,,quakeml:eu.emsc/event/20240601_0000098,2024-06-01T08:58:36.310000,
R50D6,True,2024-06-01T09:06:09.164447,,2024-06-01T08:56:09.583912,,AM,EMSC,8750.904901737536,,,2024-06-01T08:44:05,16.03,2024-06-01_375,2024-06-01,4.1,False,-94.62,m,68.1,,quakeml:eu.emsc/event/20240601_0000082,,
R50D6,True,2024-06-01T08:50:34.527519,,2024-06-01T08:39:45.191471,,AM,EMSC,9884.941589950531,,,2024-06-01T08:26:49,0.36,2024-06-01_376,2024-06-01,3.4,False,-90.16,m,15.0,,quakeml:eu.emsc/event/20240601_0000220,,
R50D6,True,2024-06-01T08:34:59.819153,,2024-06-01T08:30:20.199466,,AM,EMSC,3073.545587283308,,,2024-06-01T08:24:26,36.7433,2024-06-01_377,2024-06-01,1.9,False,29.2047,ml,7.5,,quakeml:eu.emsc/event/20240601_0000095,,
R50D6,True,2024-06-01T08:18:57.226023,,2024-06-01T08:15:07.314452,,AM,EMSC,2211.0370759880675,,,2024-06-01T08:10:28.370000,39.2903,2024-06-01_378,2024-06-01,2.3,False,17.0552,ml,34.0,,quakeml:eu.emsc/event/20240601_0000078,,
R50D6,True,2024-06-01T08:14:38.195939,,2024-06-01T08:06:08.119432,,AM,EMSC,6957.486976710466,,,2024-06-01T07:55:42,19.568,2024-06-01_379,2024-06-01,3.1,False,-71.43,m,18.1,,quakeml:eu.emsc/event/20240601_0000108,,
R50D6,True,2024-06-01T08:09:00.630669,,2024-06-01T08:00:07.235025,,AM,EMSC,7386.205406561475,,,2024-06-01T07:49:14.841000,56.863,2024-06-01_380,2024-06-01,3.2,False,-155.7991,ml,54.5,,quakeml:eu.emsc/event/20240601_0000073,,
R50D6,True,2024-06-01T07:50:01.941114,,2024-06-01T07:47:37.096489,,AM,EMSC,1424.932811226534,,,2024-06-01T07:44:33.450000,44.7797,2024-06-01_381,2024-06-01,2.7,False,10.971,ml,9.9,,quakeml:eu.emsc/event/20240601_0000075,,
R50D6,True,2024-06-01T08:01:51.414150,,2024-06-01T07:53:16.877339,,AM,EMSC,7041.356370562793,,,2024-06-01T07:42:45.700000,19.99,2024-06-01_382,2024-06-01,3.6,False,-73.32,m,27.0,,quakeml:eu.emsc/event/20240601_0000072,,
R50D6,True,2024-06-01T07:45:17.031669,,2024-06-01T07:40:30.508392,,AM,EMSC,2997.1408438908516,,,2024-06-01T07:34:43,37.6522,2024-06-01_383,2024-06-01,1.4,False,29.2211,ml,7.1,,quakeml:eu.emsc/event/20240601_0000085,,
R50D6,True,2024-06-01T07:36:51.271388,,2024-06-01T07:33:10.189523,,AM,EMSC,1966.8685675295771,,,2024-06-01T07:29:00.470000,37.1672,2024-06-01_384,2024-06-01,1.5,False,-4.1679,ml,0.0,,quakeml:eu.emsc/event/20240601_0000076,,
R50D6,True,2024-06-01T07:50:40.304010,,2024-06-01T07:40:32.396834,,AM,EMSC,8930.570450589263,,,2024-06-01T07:28:19,15.91,2024-06-01_385,2024-06-01,4.1,False,-97.32,m,4.4,,quakeml:eu.emsc/event/20240601_0000074,,
R50D6,True,2024-06-01T07:42:39.557427,,2024-06-01T07:34:16.784680,,AM,EMSC,6821.905926264625,,,2024-06-01T07:23:58.980000,17.9657,2024-06-01_386,2024-06-01,2.5,False,-67.0702,md,7.9,,quakeml:eu.emsc/event/20240601_0000071,,
R50D6,True,2024-06-01T07:26:20.269920,,2024-06-01T07:21:15.039201,,AM,EMSC,3414.3885227710603,,,2024-06-01T07:14:58,38.4589,2024-06-01_387,2024-06-01,1.6,False,37.2969,ml,7.0,,quakeml:eu.emsc/event/20240601_0000083,,
R50D6,True,2024-06-01T07:21:34.622992,,2024-06-01T07:13:11.894355,,AM,EMSC,6821.0779112426335,,,2024-06-01T07:02:54.140000,17.9713,2024-06-01_388,2024-06-01,2.6,False,-67.065,md,7.8,,quakeml:eu.emsc/event/20240601_0000067,,
R50D6,True,2024-06-01T07:16:28.166815,,2024-06-01T07:06:31.494228,,AM,EMSC,8695.043374055149,,,2024-06-01T06:54:30,8.372,2024-06-01_389,2024-06-01,3.6,False,-82.933,m,9.0,,quakeml:eu.emsc/event/20240601_0000149,,
R50D6,True,2024-06-01T06:45:00.643446,,2024-06-01T06:36:38.148085,,AM,EMSC,6816.816785434654,,,2024-06-01T06:26:20.660000,17.8683,2024-06-01_390,2024-06-01,2.8,False,-66.8525,md,9.5,,quakeml:eu.emsc/event/20240601_0000065,,
R50D6,True,2024-06-01T06:36:27.854284,,2024-06-01T06:28:05.139067,,AM,EMSC,6820.8232695023635,,,2024-06-01T06:17:47.400000,17.9743,2024-06-01_391,2024-06-01,2.8,False,-67.0652,md,7.0,,quakeml:eu.emsc/event/20240601_0000066,,
R50D6,True,2024-06-01T06:34:22.773309,,2024-06-01T06:26:00.044522,,AM,EMSC,6821.079730947499,,,2024-06-01T06:15:42.290000,17.9727,2024-06-01_392,2024-06-01,2.4,False,-67.067,md,7.9,,quakeml:eu.emsc/event/20240601_0000063,,
R50D6,True,2024-06-01T06:04:43.889695,,2024-06-01T06:00:14.138735,,AM,EMSC,2765.3088286757647,,,2024-06-01T05:54:47,38.6458,2024-06-01_393,2024-06-01,1.6,False,26.6189,ml,7.0,,quakeml:eu.emsc/event/20240601_0000069,,
R50D6,True,2024-06-01T06:00:38.759963,,2024-06-01T05:56:07.711950,,AM,EMSC,2782.9468608152088,,,2024-06-01T05:50:39,39.0719,2024-06-01_394,2024-06-01,1.8,False,27.5594,ml,7.2,,quakeml:eu.emsc/event/20240601_0000068,,
R50D6,True,2024-06-01T05:59:26.674275,,2024-06-01T05:54:49.357563,,AM,EMSC,3031.694146995398,,,2024-06-01T05:48:58.920000,35.56,2024-06-01_395,2024-06-01,2.7,False,26.57,ml,1.0,,quakeml:eu.emsc/event/20240601_0000058,,
R50D6,True,2024-06-01T05:52:23.764570,,2024-06-01T05:47:13.042854,,AM,EMSC,3504.953103955825,,,2024-06-01T05:40:48.900000,36.315,2024-06-01_396,2024-06-01,2.2,False,35.955,ml,2.5,,quakeml:eu.emsc/event/20240601_0000059,,
R50D6,True,2024-06-01T05:39:29.982345,,2024-06-01T05:31:00.445911,,AM,EMSC,6976.449852418039,,,2024-06-01T05:20:34.940000,-7.2211,2024-06-01_397,2024-06-01,4.9,False,-13.1444,mb,15.0,,quakeml:eu.emsc/event/20240601_0000057,,
R50D6,True,2024-06-01T05:27:39.549448,,2024-06-01T05:23:29.265259,,AM,EMSC,2432.8915913274677,,,2024-06-01T05:18:31.200000,38.76,2024-06-01_398,2024-06-01,2.1,False,20.61,ml,5.0,,quakeml:eu.emsc/event/20240601_0000053,,
R50D6,True,2024-06-01T05:06:55.007430,,2024-06-01T05:03:15.086964,,AM,EMSC,2071.8198925126694,,,2024-06-01T04:58:48.200000,36.1971,2024-06-01_399,2024-06-01,1.8,False,-3.7971,ml,21.4,,quakeml:eu.emsc/event/20240601_0000051,,
R50D6,True,2024-06-01T05:02:26.565741,,2024-06-01T04:58:37.284259,,AM,EMSC,2200.9635175059852,,,2024-06-01T04:53:59.100000,41.12,2024-06-01_400,2024-06-01,2.0,False,20.158,ml,15.0,,quakeml:eu.emsc/event/20240601_0000047,,
R50D6,True,2024-06-01T05:14:39.568639,,2024-06-01T05:05:18.928149,,AM,EMSC,7932.631890451219,,,2024-06-01T04:53:56.372684,31.69,2024-06-01_401,2024-06-01,3.0,False,-104.406,ml,6.1,,quakeml:eu.emsc/event/20240601_0000044,,
R50D6,True,2024-06-01T04:56:49.191349,,2024-06-01T04:52:13.521019,,AM,EMSC,2847.4418257661064,,,2024-06-01T04:46:39.200000,37.8143,2024-06-01_402,2024-06-01,2.0,False,26.8185,ml,10.0,,quakeml:eu.emsc/event/20240601_0000052,,
R50D6,True,2024-06-01T04:58:53.444099,0.2594907283782959,2024-06-01T04:50:31.583598,https://raw.githubusercontent.com/QingyuanZhangTony/test/main/data\AM.R50D6/2024-06-01/report/2024-06-01_403_event_plot.png?raw=true,AM,EMSC,6786.345936319379,,-7.593598,2024-06-01T04:40:14.824000,61.9273,2024-06-01_403,2024-06-01,2.7,True,-152.0928,ml,121.6,,quakeml:eu.emsc/event/20240601_0000050,2024-06-01T04:50:23.990000,
R50D6,True,2024-06-01T04:39:28.084734,,2024-06-01T04:35:43.230299,,AM,EMSC,2142.551652658606,,,2024-06-01T04:31:10.390000,35.5409,2024-06-01_404,2024-06-01,2.1,False,-3.4337,ml,33.0,,quakeml:eu.emsc/event/20240601_0000049,,
R50D6,True,2024-06-01T04:34:39.257697,,2024-06-01T04:30:23.294845,,AM,EMSC,2477.701517516419,,,2024-06-01T04:25:21.370000,38.1289,2024-06-01_405,2024-06-01,2.5,False,20.3599,ml,17.9,,quakeml:eu.emsc/event/20240601_0000043,,
R50D6,True,2024-06-01T04:32:00.272445,,2024-06-01T04:22:25.985274,,AM,EMSC,8206.68320636226,,,2024-06-01T04:10:48.550000,38.8227,2024-06-01_406,2024-06-01,2.3,False,-122.8073,md,2.7,,quakeml:eu.emsc/event/20240601_0000039,,
R50D6,True,2024-06-01T04:29:09.408747,,2024-06-01T04:19:07.045523,,AM,EMSC,8811.544632316878,,,2024-06-01T04:06:59.509000,14.7902,2024-06-01_407,2024-06-01,4.5,False,-93.8104,mb,35.0,,quakeml:eu.emsc/event/20240601_0000046,,
R50D6,True,2024-06-01T04:17:35.274697,,2024-06-01T04:12:53.054820,,AM,EMSC,3122.185529668396,,,2024-06-01T04:06:54.600000,36.1082,2024-06-01_408,2024-06-01,2.0,False,29.0953,ml,13.8,,quakeml:eu.emsc/event/20240601_0000054,,
R50D6,True,2024-06-01T04:11:09.323875,,2024-06-01T04:01:35.979281,,AM,EMSC,8186.671965676239,,,2024-06-01T03:49:59.567000,40.4878,2024-06-01_409,2024-06-01,2.6,False,-126.0428,ml,10.0,,quakeml:eu.emsc/event/20240601_0000282,,
R50D6,True,2024-06-01T03:51:27.658970,,2024-06-01T03:46:56.986025,,AM,EMSC,2591.5557726211136,,,2024-06-01T03:41:45,40.3886,2024-06-01_410,2024-06-01,1.4,False,26.1158,ml,7.0,,quakeml:eu.emsc/event/20240601_0000048,,
R50D6,True,2024-06-01T03:52:22.221121,,2024-06-01T03:47:18.318718,,AM,EMSC,3392.5902088464236,,,2024-06-01T03:41:03,38.8408,2024-06-01_411,2024-06-01,1.4,False,37.4267,ml,7.0,,quakeml:eu.emsc/event/20240601_0000045,,
R50D6,True,2024-06-01T03:48:17.398494,,2024-06-01T03:44:07.912538,,AM,EMSC,2425.9063627863334,,,2024-06-01T03:39:10.400000,40.03,2024-06-01_412,2024-06-01,2.2,False,22.61,ml,106.0,,quakeml:eu.emsc/event/20240601_0000036,,
R50D6,True,2024-06-01T03:40:52.850986,,2024-06-01T03:37:33.575851,,AM,EMSC,1892.2598373159244,,,2024-06-01T03:33:31.840000,37.7971,2024-06-01_413,2024-06-01,2.0,False,-3.4556,ml,0.0,,quakeml:eu.emsc/event/20240601_0000041,,
R50D6,True,2024-06-01T03:52:16.017645,,2024-06-01T03:42:17.477888,,AM,EMSC,8728.934809779565,,,2024-06-01T03:30:14,15.68,2024-06-01_414,2024-06-01,4.0,False,-93.77,m,79.5,,quakeml:eu.emsc/event/20240601_0000037,,
R50D6,True,2024-06-01T03:48:16.197548,0.12419921904802322,2024-06-01T03:39:53.601977,https://raw.githubusercontent.com/QingyuanZhangTony/test/main/data\AM.R50D6/2024-06-01/report/2024-06-01_415_event_plot.png?raw=true,AM,EMSC,6817.799292656602,,-12.611977,2024-06-01T03:29:36,18.963,2024-06-01_415,2024-06-01,3.0,True,-68.402,m,24.6,,quakeml:eu.emsc/event/20240601_0000097,2024-06-01T03:39:40.990000,
R50D6,True,2024-06-01T03:39:50.411705,,2024-06-01T03:35:06.785557,,AM,EMSC,2958.4388162753025,,,2024-06-01T03:29:22.800000,35.77,2024-06-01_416,2024-06-01,1.9,False,25.55,ml,10.0,,quakeml:eu.emsc/event/20240601_0000032,,
R50D6,True,2024-06-01T03:37:24.219050,,2024-06-01T03:31:57.073634,,AM,EMSC,3771.652412490126,,,2024-06-01T03:25:11.800000,38.872,2024-06-01_417,2024-06-01,2.4,False,43.5087,ml,1.6,,quakeml:eu.emsc/event/20240601_0000031,,
R50D6,True,2024-06-01T03:31:11.917676,,2024-06-01T03:26:41.250289,,AM,EMSC,2777.498386153675,,,2024-06-01T03:21:13,39.4133,2024-06-01_418,2024-06-01,1.2,False,27.9553,ml,5.5,,quakeml:eu.emsc/event/20240601_0000033,,
R50D6,True,2024-06-01T03:27:50.647347,,2024-06-01T03:23:34.349835,,AM,EMSC,2480.036646554898,,,2024-06-01T03:18:32.200000,38.57,2024-06-01_419,2024-06-01,2.3,False,21.2,ml,45.0,,quakeml:eu.emsc/event/20240601_0000060,,
R50D6,True,2024-06-01T03:21:58.995290,,2024-06-01T03:16:32.241680,,AM,EMSC,3765.2282796047093,,,2024-06-01T03:09:47.470000,38.9175,2024-06-01_420,2024-06-01,2.8,False,43.4617,ml,7.0,,quakeml:eu.emsc/event/20240601_0000028,,
R50D6,True,2024-06-01T03:31:14.149681,0.624649703502655,2024-06-01T03:21:08.750010,https://raw.githubusercontent.com/QingyuanZhangTony/test/main/data\AM.R50D6/2024-06-01/report/2024-06-01_421_event_plot.png?raw=true,AM,EMSC,8877.300394910058,,-16.61001,2024-06-01T03:08:58,14.48,2024-06-01_421,2024-06-01,4.1,True,-94.41,m,15.7,,quakeml:eu.emsc/event/20240601_0000030,2024-06-01T03:20:52.140000,
R50D6,True,2024-06-01T03:26:37.028081,,2024-06-01T03:18:07.030196,,AM,EMSC,6956.020661499932,,,2024-06-01T03:07:41,19.544,2024-06-01_422,2024-06-01,3.0,False,-71.374,m,15.6,,quakeml:eu.emsc/event/20240601_0000094,,
R50D6,True,2024-06-01T03:18:45.870033,,2024-06-01T03:10:21.699043,,AM,EMSC,6837.121026611032,,,2024-06-01T03:00:02.300000,34.1998,2024-06-01_423,2024-06-01,4.4,False,86.2476,mb,10.0,,quakeml:eu.emsc/event/20240601_0000038,,
R50D6,True,2024-06-01T03:11:39.833600,0.6566430926322937,2024-06-01T03:01:36.530411,https://raw.githubusercontent.com/QingyuanZhangTony/test/main/data\AM.R50D6/2024-06-01/report/2024-06-01_424_event_plot.png?raw=true,AM,EMSC,8816.361040519896,,-0.530411,2024-06-01T02:49:27.999000,41.2354,2024-06-01_424,2024-06-01,4.2,True,142.7821,mb,49.1,,quakeml:eu.emsc/event/20240601_0000029,2024-06-01T03:01:36,
R50D6,True,2024-06-01T02:57:03.025365,,2024-06-01T02:52:16.504934,,AM,EMSC,2997.455763144877,,,2024-06-01T02:46:29,37.0831,2024-06-01_425,2024-06-01,1.1,False,28.3744,ml,7.0,,quakeml:eu.emsc/event/20240601_0000026,,
R50D6,True,2024-06-01T03:01:01.982577,,2024-06-01T02:54:20.657985,,AM,EMSC,5016.812648588607,,,2024-06-01T02:46:02.600000,23.0987,2024-06-01_426,2024-06-01,4.7,False,-45.0176,mb,10.0,,quakeml:eu.emsc/event/20240601_0000285,,
R50D6,True,2024-06-01T02:52:44.350738,,2024-06-01T02:48:57.526709,,AM,EMSC,2170.567761496376,,,2024-06-01T02:44:22.310000,35.4224,2024-06-01_427,2024-06-01,3.0,False,-5.3509,ml,62.3,,quakeml:eu.emsc/event/20240601_0000025,,
R50D6,True,2024-06-01T03:01:00.569629,,2024-06-01T02:50:19.456256,,AM,EMSC,9669.678688439197,,,2024-06-01T02:37:31.610000,28.936,2024-06-01_428,2024-06-01,5.2,False,131.1052,mb,6.3,,quakeml:eu.emsc/event/20240601_0000024,,
R50D6,True,2024-06-01T02:47:19.942129,,2024-06-01T02:42:33.459255,,AM,EMSC,2996.580013720417,,,2024-06-01T02:36:46,37.6581,2024-06-01_429,2024-06-01,1.3,False,29.22,ml,7.0,,quakeml:eu.emsc/event/20240601_0000027,,
R50D6,True,2024-06-01T02:37:40.757861,0.1249380111694336,2024-06-01T02:28:22.955007,https://raw.githubusercontent.com/QingyuanZhangTony/test/main/data\AM.R50D6/2024-06-01/report/2024-06-01_430_event_plot.png?raw=true,AM,EMSC,7877.454941300072,,-0.835007,2024-06-01T02:17:03.512035,28.521,2024-06-01_430,2024-06-01,2.5,True,-98.571,ml,10.6,,quakeml:eu.emsc/event/20240601_0000021,2024-06-01T02:28:22.120000,
R50D6,True,2024-06-01T02:26:18.460838,,2024-06-01T02:21:47.016123,,AM,EMSC,2599.3877073043136,,,2024-06-01T02:16:34.500000,37.51,2024-06-01_431,2024-06-01,2.2,False,21.66,ml,5.0,,quakeml:eu.emsc/event/20240601_0000020,,
R50D6,True,2024-06-01T02:24:54.284377,,2024-06-01T02:19:57.758411,,AM,EMSC,3272.717916653704,,,2024-06-01T02:13:52,39.0731,2024-06-01_432,2024-06-01,1.0,False,35.7772,ml,7.0,,quakeml:eu.emsc/event/20240601_0000023,,
R50D6,True,2024-06-01T02:28:51.788811,,2024-06-01T02:20:28.893501,,AM,EMSC,6824.275216612122,,,2024-06-01T02:10:10.950000,17.9482,2024-06-01_433,2024-06-01,2.5,False,-67.083,md,39.7,,quakeml:eu.emsc/event/20240601_0000034,,
R50D6,True,2024-06-01T02:19:53.252874,,2024-06-01T02:09:44.395580,,AM,EMSC,8937.425107646292,,,2024-06-01T01:57:30,39.8,2024-06-01_434,2024-06-01,3.7,False,141.8,m,60.0,,quakeml:eu.emsc/event/20240601_0000019,,
R50D6,True,2024-06-01T02:02:36.620500,0.44594523310661316,2024-06-01T01:53:03.806427,https://raw.githubusercontent.com/QingyuanZhangTony/test/main/data\AM.R50D6/2024-06-01/report/2024-06-01_435_event_plot.png?raw=true,AM,EMSC,8172.188117535382,,18.163573,2024-06-01T01:41:27.970000,51.72,2024-06-01_435,2024-06-01,2.2,True,-179.08,ml,9.2,,quakeml:eu.emsc/event/20240601_0000271,2024-06-01T01:53:21.970000,
R50D6,True,2024-06-01T01:28:08.301302,0.769415020942688,2024-06-01T01:19:04.849868,https://raw.githubusercontent.com/QingyuanZhangTony/test/main/data\AM.R50D6/2024-06-01/report/2024-06-01_436_event_plot.png?raw=true,AM,EMSC,7582.807305848079,,2.180132,2024-06-01T01:08:01.260000,56.0807,2024-06-01_436,2024-06-01,4.4,True,160.5267,mb,186.0,,quakeml:eu.emsc/event/20240601_0000010,2024-06-01T01:19:07.030000,
R50D6,True,2024-06-01T01:14:19.293037,,2024-06-01T01:10:29.078386,,AM,EMSC,2216.072806203117,,,2024-06-01T01:05:49.770000,38.3702,2024-06-01_437,2024-06-01,2.1,False,15.2027,ml,113.6,,quakeml:eu.emsc/event/20240601_0000009,,
R50D6,True,2024-06-01T01:03:22.157901,,2024-06-01T00:59:04.369987,,AM,EMSC,2491.977435817113,,,2024-06-01T00:54:01.200000,38.12,2024-06-01_438,2024-06-01,2.2,False,20.63,ml,5.0,,quakeml:eu.emsc/event/20240601_0000005,,
R50D6,True,2024-06-01T01:11:37.025851,,2024-06-01T01:01:42.841163,,AM,EMSC,8638.516039670352,,,2024-06-01T00:49:44,12.62,2024-06-01_439,2024-06-01,2.6,False,-88.02,m,28.0,,quakeml:eu.emsc/event/20240601_0000006,,
R50D6,True,2024-06-01T01:05:21.390694,,2024-06-01T00:56:56.756813,,AM,EMSC,6845.780387497945,,,2024-06-01T00:46:36.830000,34.1744,2024-06-01_440,2024-06-01,5.6,False,86.3558,mb,4.3,,quakeml:eu.emsc/event/20240601_0000004,,
R50D6,True,2024-06-01T00:56:12.030282,,2024-06-01T00:45:29.202308,,AM,EMSC,9712.538664795056,,,2024-06-01T00:32:39.610000,24.3845,2024-06-01_441,2024-06-01,4.5,False,122.0581,mw,23.3,,quakeml:eu.emsc/event/20240601_0000007,,
R50D6,True,2024-06-01T00:51:19.519444,,2024-06-01T00:41:27.849844,,AM,EMSC,8566.907187712442,,,2024-06-01T00:29:31.700000,44.7602,2024-06-01_442,2024-06-01,4.5,False,147.3849,mb,147.0,,quakeml:eu.emsc/event/20240601_0000002,,
R50D6,True,2024-06-01T00:47:09.058504,,2024-06-01T00:38:54.283551,,AM,EMSC,6654.375079000909,,,2024-06-01T00:28:45.632000,63.0721,2024-06-01_443,2024-06-01,2.8,False,-151.396,ml,10.0,,quakeml:eu.emsc/event/20240601_0000253,,
R50D6,True,2024-06-01T00:38:20.671256,,2024-06-01T00:33:40.728187,,AM,EMSC,3078.480693082143,,,2024-06-01T00:27:46,38.4997,2024-06-01_444,2024-06-01,1.4,False,31.8136,ml,7.0,,quakeml:eu.emsc/event/20240601_0000012,,
R50D6,True,2024-06-01T00:37:24.600267,,2024-06-01T00:32:48.332347,,AM,EMSC,2632.8747687767345,,,2024-06-01T00:27:32.500000,78.178,2024-06-01_445,2024-06-01,2.1,False,8.597,mw,0.0,,quakeml:eu.emsc/event/20240601_0000276,,
R50D6,True,2024-06-01T00:37:53.659836,,2024-06-01T00:32:49.566309,,AM,EMSC,3396.1217673962465,,,2024-06-01T00:26:34,38.0458,2024-06-01_446,2024-06-01,1.1,False,36.4694,ml,7.0,,quakeml:eu.emsc/event/20240601_0000015,,
R50D6,True,2024-06-01T00:35:45.309155,0.20694833993911743,2024-06-01T00:31:06.785595,https://raw.githubusercontent.com/QingyuanZhangTony/test/main/data\AM.R50D6/2024-06-01/report/2024-06-01_447_event_plot.png?raw=true,AM,EMSC,2886.724335509156,,-15.705595,2024-06-01T00:25:29,37.8808,2024-06-01_447,2024-06-01,1.4,True,27.6206,ml,7.0,,quakeml:eu.emsc/event/20240601_0000013,2024-06-01T00:30:51.080000,
R50D6,True,2024-06-01T00:36:07.930410,,2024-06-01T00:30:57.179948,,AM,EMSC,3505.430278878988,,,2024-06-01T00:24:33,36.3133,2024-06-01_448,2024-06-01,1.4,False,35.9606,ml,7.0,,quakeml:eu.emsc/event/20240601_0000014,,
R50D6,False,,0.6973068118095398,,,AM,Detection,,,,2024-06-01T00:00:21.090000,,2024-06-01_222,2024-06-01,,True,,,,,,2024-06-01T00:00:21.090000,
R50D6,False,,0.42616257071495056,,,AM,Detection,,,,2024-06-01T00:03:07,,2024-06-01_223,2024-06-01,,True,,,,,,2024-06-01T00:03:07,
R50D6,False,,0.20596511662006378,,,AM,Detection,,,,2024-06-01T00:04:51.030000,,2024-06-01_224,2024-06-01,,True,,,,,,2024-06-01T00:04:51.030000,
R50D6,False,,0.1265675127506256,,,AM,Detection,,,,2024-06-01T00:05:36,,2024-06-01_225,2024-06-01,,True,,,,,,2024-06-01T00:05:36,
R50D6,False,,0.541573166847229,,,AM,Detection,,,,2024-06-01T00:05:36.850000,,2024-06-01_226,2024-06-01,,True,,,,,,2024-06-01T00:05:36.850000,
R50D6,False,,0.17867688834667206,,,AM,Detection,,,,2024-06-01T00:06:07,,2024-06-01_227,2024-06-01,,True,,,,,,2024-06-01T00:06:07,
R50D6,False,,0.116457499563694,,,AM,Detection,,,,2024-06-01T00:06:33.900000,,2024-06-01_228,2024-06-01,,True,,,,,,2024-06-01T00:06:33.900000,
R50D6,False,,0.16403616964817047,,,AM,Detection,,,,2024-06-01T00:10:42.870000,,2024-06-01_229,2024-06-01,,True,,,,,,2024-06-01T00:10:42.870000,
R50D6,False,,0.3906574845314026,,,AM,Detection,,,,2024-06-01T00:24:35.930000,,2024-06-01_230,2024-06-01,,True,,,,,,2024-06-01T00:24:35.930000,
R50D6,False,,0.20448262989521027,,,AM,Detection,,,,2024-06-01T00:30:22.150000,,2024-06-01_231,2024-06-01,,True,,,,,,2024-06-01T00:30:22.150000,
R50D6,False,,0.47975075244903564,,,AM,Detection,,,,2024-06-01T00:36:20.050000,,2024-06-01_232,2024-06-01,,True,,,,,,2024-06-01T00:36:20.050000,
R50D6,False,,0.6795831322669983,,,AM,Detection,,,,2024-06-01T00:38:07.080000,,2024-06-01_233,2024-06-01,,True,,,,,,2024-06-01T00:38:07.080000,
R50D6,False,,0.31049636006355286,,,AM,Detection,,,,2024-06-01T00:41:53.140000,,2024-06-01_234,2024-06-01,,True,,,,,,2024-06-01T00:41:53.140000,
R50D6,False,,0.3313296437263489,,,AM,Detection,,,,2024-06-01T00:45:05,,2024-06-01_235,2024-06-01,,True,,,,,,2024-06-01T00:45:05,
R50D6,False,,0.13022366166114807,,,AM,Detection,,,,2024-06-01T00:46:16.310000,,2024-06-01_236,2024-06-01,,True,,,,,,2024-06-01T00:46:16.310000,
R50D6,False,,0.11499377340078354,,,AM,Detection,,,,2024-06-01T00:51:51.110000,,2024-06-01_237,2024-06-01,,True,,,,,,2024-06-01T00:51:51.110000,
R50D6,False,,0.20567238330841064,,,AM,Detection,,,,2024-06-01T00:51:55.020000,,2024-06-01_238,2024-06-01,,True,,,,,,2024-06-01T00:51:55.020000,
R50D6,False,,0.17915157973766327,,,AM,Detection,,,,2024-06-01T00:52:36.980000,,2024-06-01_239,2024-06-01,,True,,,,,,2024-06-01T00:52:36.980000,
R50D6,False,,0.46009349822998047,,,AM,Detection,,,,2024-06-01T00:55:22.190000,,2024-06-01_240,2024-06-01,,True,,,,,,2024-06-01T00:55:22.190000,
R50D6,False,,0.11887898296117783,,,AM,Detection,,,,2024-06-01T00:56:06.820000,,2024-06-01_241,2024-06-01,,True,,,,,,2024-06-01T00:56:06.820000,
R50D6,False,,0.13026875257492065,,,AM,Detection,,,,2024-06-01T01:02:21.120000,,2024-06-01_242,2024-06-01,,True,,,,,,2024-06-01T01:02:21.120000,
R50D6,False,,0.1877765655517578,,,AM,Detection,,,,2024-06-01T01:04:23.040000,,2024-06-01_243,2024-06-01,,True,,,,,,2024-06-01T01:04:23.040000,
R50D6,False,,0.12342510372400284,,,AM,Detection,,,,2024-06-01T01:04:52.840000,,2024-06-01_244,2024-06-01,,True,,,,,,2024-06-01T01:04:52.840000,
R50D6,False,,0.6090044975280762,,,AM,Detection,,,,2024-06-01T01:12:38.040000,,2024-06-01_245,2024-06-01,,True,,,,,,2024-06-01T01:12:38.040000,
R50D6,False,,0.38952261209487915,,,AM,Detection,,,,2024-06-01T01:13:05.350000,,2024-06-01_246,2024-06-01,,True,,,,,,2024-06-01T01:13:05.350000,
R50D6,False,,0.1593467891216278,,,AM,Detection,,,,2024-06-01T01:13:20.150000,,2024-06-01_247,2024-06-01,,True,,,,,,2024-06-01T01:13:20.150000,
R50D6,False,,0.6158335208892822,,,AM,Detection,,,,2024-06-01T01:14:06.960000,,2024-06-01_248,2024-06-01,,True,,,,,,2024-06-01T01:14:06.960000,
R50D6,False,,0.3309115469455719,,,AM,Detection,,,,2024-06-01T01:18:20.030000,,2024-06-01_249,2024-06-01,,True,,,,,,2024-06-01T01:18:20.030000,
R50D6,False,,0.2301425039768219,,,AM,Detection,,,,2024-06-01T01:26:39.750000,,2024-06-01_250,2024-06-01,,True,,,,,,2024-06-01T01:26:39.750000,
R50D6,False,,0.3348400890827179,,,AM,Detection,,,,2024-06-01T01:34:31.440000,,2024-06-01_251,2024-06-01,,True,,,,,,2024-06-01T01:34:31.440000,
R50D6,False,,0.5949198603630066,,,AM,Detection,,,,2024-06-01T01:35:45.400000,,2024-06-01_252,2024-06-01,,True,,,,,,2024-06-01T01:35:45.400000,
R50D6,False,,0.1520785689353943,,,AM,Detection,,,,2024-06-01T01:46:51.910000,,2024-06-01_253,2024-06-01,,True,,,,,,2024-06-01T01:46:51.910000,
R50D6,False,,0.16747181117534637,,,AM,Detection,,,,2024-06-01T01:47:22.970000,,2024-06-01_254,2024-06-01,,True,,,,,,2024-06-01T01:47:22.970000,
R50D6,False,,0.13046585023403168,,,AM,Detection,,,,2024-06-01T01:47:49.370000,,2024-06-01_255,2024-06-01,,True,,,,,,2024-06-01T01:47:49.370000,
R50D6,False,,0.10427381098270416,,,AM,Detection,,,,2024-06-01T01:49:37.960000,,2024-06-01_256,2024-06-01,,True,,,,,,2024-06-01T01:49:37.960000,
R50D6,False,,0.14480194449424744,,,AM,Detection,,,,2024-06-01T01:49:50.200000,,2024-06-01_257,2024-06-01,,True,,,,,,2024-06-01T01:49:50.200000,
R50D6,False,,0.5634209513664246,,,AM,Detection,,,,2024-06-01T01:50:30.700000,,2024-06-01_258,2024-06-01,,True,,,,,,2024-06-01T01:50:30.700000,
R50D6,False,,0.7387981414794922,,,AM,Detection,,,,2024-06-01T01:52:38,,2024-06-01_259,2024-06-01,,True,,,,,,2024-06-01T01:52:38,
R50D6,False,,0.2286272943019867,,,AM,Detection,,,,2024-06-01T01:55:49.660000,,2024-06-01_260,2024-06-01,,True,,,,,,2024-06-01T01:55:49.660000,
R50D6,False,,0.15755148231983185,,,AM,Detection,,,,2024-06-01T02:00:39.700000,,2024-06-01_261,2024-06-01,,True,,,,,,2024-06-01T02:00:39.700000,
R50D6,False,,0.6148226261138916,,,AM,Detection,,,,2024-06-01T02:15:39.700000,,2024-06-01_262,2024-06-01,,True,,,,,,2024-06-01T02:15:39.700000,
R50D6,False,,0.16255761682987213,,,AM,Detection,,,,2024-06-01T02:16:10.940000,,2024-06-01_263,2024-06-01,,True,,,,,,2024-06-01T02:16:10.940000,
R50D6,False,,0.629357099533081,,,AM,Detection,,,,2024-06-01T02:24:52.300000,,2024-06-01_264,2024-06-01,,True,,,,,,2024-06-01T02:24:52.300000,
R50D6,False,,0.8077162504196167,,,AM,Detection,,,,2024-06-01T02:35:05.020000,,2024-06-01_265,2024-06-01,,True,,,,,,2024-06-01T02:35:05.020000,
R50D6,False,,0.6699581742286682,,,AM,Detection,,,,2024-06-01T02:37:21.970000,,2024-06-01_266,2024-06-01,,True,,,,,,2024-06-01T02:37:21.970000,
R50D6,False,,0.1157110184431076,,,AM,Detection,,,,2024-06-01T02:37:57.710000,,2024-06-01_267,2024-06-01,,True,,,,,,2024-06-01T02:37:57.710000,
R50D6,False,,0.18003523349761963,,,AM,Detection,,,,2024-06-01T02:45:08.970000,,2024-06-01_268,2024-06-01,,True,,,,,,2024-06-01T02:45:08.970000,
R50D6,False,,0.15983819961547852,,,AM,Detection,,,,2024-06-01T02:45:09.960000,,2024-06-01_269,2024-06-01,,True,,,,,,2024-06-01T02:45:09.960000,
R50D6,False,,0.7076212763786316,,,AM,Detection,,,,2024-06-01T02:45:35.040000,,2024-06-01_270,2024-06-01,,True,,,,,,2024-06-01T02:45:35.040000,
R50D6,False,,0.11229138821363449,,,AM,Detection,,,,2024-06-01T03:01:36.970000,,2024-06-01_271,2024-06-01,,True,,,,,,2024-06-01T03:01:36.970000,
R50D6,False,,0.797697901725769,,,AM,Detection,,,,2024-06-01T03:04:38.020000,,2024-06-01_272,2024-06-01,,True,,,,,,2024-06-01T03:04:38.020000,
R50D6,False,,0.33023837208747864,,,AM,Detection,,,,2024-06-01T03:15:22.020000,,2024-06-01_273,2024-06-01,,True,,,,,,2024-06-01T03:15:22.020000,
R50D6,False,,0.14753802120685577,,,AM,Detection,,,,2024-06-01T03:15:23.020000,,2024-06-01_274,2024-06-01,,True,,,,,,2024-06-01T03:15:23.020000,
R50D6,False,,0.43024882674217224,,,AM,Detection,,,,2024-06-01T03:19:46.650000,,2024-06-01_275,2024-06-01,,True,,,,,,2024-06-01T03:19:46.650000,
R50D6,False,,0.12227748334407806,,,AM,Detection,,,,2024-06-01T03:25:49.140000,,2024-06-01_276,2024-06-01,,True,,,,,,2024-06-01T03:25:49.140000,
R50D6,False,,0.24679042398929596,,,AM,Detection,,,,2024-06-01T03:25:50.060000,,2024-06-01_277,2024-06-01,,True,,,,,,2024-06-01T03:25:50.060000,
R50D6,False,,0.1376597285270691,,,AM,Detection,,,,2024-06-01T03:25:51.090000,,2024-06-01_278,2024-06-01,,True,,,,,,2024-06-01T03:25:51.090000,
R50D6,False,,0.38243529200553894,,,AM,Detection,,,,2024-06-01T03:27:47.040000,,2024-06-01_279,2024-06-01,,True,,,,,,2024-06-01T03:27:47.040000,
R50D6,False,,0.14773309230804443,,,AM,Detection,,,,2024-06-01T03:28:24.190000,,2024-06-01_280,2024-06-01,,True,,,,,,2024-06-01T03:28:24.190000,
R50D6,False,,0.10646815598011017,,,AM,Detection,,,,2024-06-01T03:29:52.070000,,2024-06-01_281,2024-06-01,,True,,,,,,2024-06-01T03:29:52.070000,
R50D6,False,,0.18078351020812988,,,AM,Detection,,,,2024-06-01T03:29:53.100000,,2024-06-01_282,2024-06-01,,True,,,,,,2024-06-01T03:29:53.100000,
R50D6,False,,0.27149975299835205,,,AM,Detection,,,,2024-06-01T03:42:51.780000,,2024-06-01_283,2024-06-01,,True,,,,,,2024-06-01T03:42:51.780000,
R50D6,False,,0.21186494827270508,,,AM,Detection,,,,2024-06-01T03:45:53.950000,,2024-06-01_284,2024-06-01,,True,,,,,,2024-06-01T03:45:53.950000,
R50D6,False,,0.1130424365401268,,,AM,Detection,,,,2024-06-01T03:49:04.130000,,2024-06-01_285,2024-06-01,,True,,,,,,2024-06-01T03:49:04.130000,
R50D6,False,,0.39368265867233276,,,AM,Detection,,,,2024-06-01T03:49:05,,2024-06-01_286,2024-06-01,,True,,,,,,2024-06-01T03:49:05,
R50D6,False,,0.15028145909309387,,,AM,Detection,,,,2024-06-01T04:06:52.380000,,2024-06-01_287,2024-06-01,,True,,,,,,2024-06-01T04:06:52.380000,
R50D6,False,,0.7349756360054016,,,AM,Detection,,,,2024-06-01T04:08:05.940000,,2024-06-01_288,2024-06-01,,True,,,,,,2024-06-01T04:08:05.940000,
R50D6,False,,0.15623410046100616,,,AM,Detection,,,,2024-06-01T04:08:46.450000,,2024-06-01_289,2024-06-01,,True,,,,,,2024-06-01T04:08:46.450000,
R50D6,False,,0.1429097056388855,,,AM,Detection,,,,2024-06-01T04:12:12.490000,,2024-06-01_290,2024-06-01,,True,,,,,,2024-06-01T04:12:12.490000,
R50D6,False,,0.2742309272289276,,,AM,Detection,,,,2024-06-01T04:14:22.030000,,2024-06-01_291,2024-06-01,,True,,,,,,2024-06-01T04:14:22.030000,
R50D6,False,,0.1016048938035965,,,AM,Detection,,,,2024-06-01T04:25:58.370000,,2024-06-01_292,2024-06-01,,True,,,,,,2024-06-01T04:25:58.370000,
R50D6,False,,0.43192949891090393,,,AM,Detection,,,,2024-06-01T04:41:08.030000,,2024-06-01_293,2024-06-01,,True,,,,,,2024-06-01T04:41:08.030000,
R50D6,False,,0.28563234210014343,,,AM,Detection,,,,2024-06-01T04:46:38.010000,,2024-06-01_294,2024-06-01,,True,,,,,,2024-06-01T04:46:38.010000,
R50D6,False,,0.24171006679534912,,,AM,Detection,,,,2024-06-01T04:47:52.090000,,2024-06-01_295,2024-06-01,,True,,,,,,2024-06-01T04:47:52.090000,
R50D6,False,,0.14898265898227692,,,AM,Detection,,,,2024-06-01T04:50:43.280000,,2024-06-01_296,2024-06-01,,True,,,,,,2024-06-01T04:50:43.280000,
R50D6,False,,0.10214213281869888,,,AM,Detection,,,,2024-06-01T04:51:21.080000,,2024-06-01_297,2024-06-01,,True,,,,,,2024-06-01T04:51:21.080000,
R50D6,False,,0.2621658444404602,,,AM,Detection,,,,2024-06-01T04:53:36.550000,,2024-06-01_298,2024-06-01,,True,,,,,,2024-06-01T04:53:36.550000,
R50D6,False,,0.40534523129463196,,,AM,Detection,,,,2024-06-01T05:00:10.810000,,2024-06-01_299,2024-06-01,,True,,,,,,2024-06-01T05:00:10.810000,
R50D6,False,,0.11132203787565231,,,AM,Detection,,,,2024-06-01T05:24:21.040000,,2024-06-01_300,2024-06-01,,True,,,,,,2024-06-01T05:24:21.040000,
R50D6,False,,0.155934676527977,,,AM,Detection,,,,2024-06-01T05:24:21.990000,,2024-06-01_301,2024-06-01,,True,,,,,,2024-06-01T05:24:21.990000,
R50D6,False,,0.1080411970615387,,,AM,Detection,,,,2024-06-01T05:26:18.680000,,2024-06-01_302,2024-06-01,,True,,,,,,2024-06-01T05:26:18.680000,
R50D6,False,,0.2610624134540558,,,AM,Detection,,,,2024-06-01T05:35:25.890000,,2024-06-01_303,2024-06-01,,True,,,,,,2024-06-01T05:35:25.890000,
R50D6,False,,0.10097336024045944,,,AM,Detection,,,,2024-06-01T05:36:05.990000,,2024-06-01_304,2024-06-01,,True,,,,,,2024-06-01T05:36:05.990000,
R50D6,False,,0.6629010438919067,,,AM,Detection,,,,2024-06-01T05:36:06.990000,,2024-06-01_305,2024-06-01,,True,,,,,,2024-06-01T05:36:06.990000,
R50D6,False,,0.7900091409683228,,,AM,Detection,,,,2024-06-01T05:40:52.060000,,2024-06-01_306,2024-06-01,,True,,,,,,2024-06-01T05:40:52.060000,
R50D6,False,,0.1711500585079193,,,AM,Detection,,,,2024-06-01T05:43:18.910000,,2024-06-01_307,2024-06-01,,True,,,,,,2024-06-01T05:43:18.910000,
R50D6,False,,0.18904107809066772,,,AM,Detection,,,,2024-06-01T05:43:20.990000,,2024-06-01_308,2024-06-01,,True,,,,,,2024-06-01T05:43:20.990000,
R50D6,False,,0.15667285025119781,,,AM,Detection,,,,2024-06-01T05:45:42.080000,,2024-06-01_309,2024-06-01,,True,,,,,,2024-06-01T05:45:42.080000,
R50D6,False,,0.10544788837432861,,,AM,Detection,,,,2024-06-01T05:46:20.980000,,2024-06-01_310,2024-06-01,,True,,,,,,2024-06-01T05:46:20.980000,
R50D6,False,,0.1669880896806717,,,AM,Detection,,,,2024-06-01T05:48:20.040000,,2024-06-01_311,2024-06-01,,True,,,,,,2024-06-01T05:48:20.040000,
R50D6,False,,0.18277961015701294,,,AM,Detection,,,,2024-06-01T05:48:21.030000,,2024-06-01_312,2024-06-01,,True,,,,,,2024-06-01T05:48:21.030000,
R50D6,False,,0.10833289474248886,,,AM,Detection,,,,2024-06-01T05:59:43,,2024-06-01_313,2024-06-01,,True,,,,,,2024-06-01T05:59:43,
R50D6,False,,0.25085020065307617,,,AM,Detection,,,,2024-06-01T06:03:05.870000,,2024-06-01_314,2024-06-01,,True,,,,,,2024-06-01T06:03:05.870000,
R50D6,False,,0.17271831631660461,,,AM,Detection,,,,2024-06-01T06:14:56.190000,,2024-06-01_315,2024-06-01,,True,,,,,,2024-06-01T06:14:56.190000,
R50D6,False,,0.3665386438369751,,,AM,Detection,,,,2024-06-01T06:18:06.880000,,2024-06-01_316,2024-06-01,,True,,,,,,2024-06-01T06:18:06.880000,
R50D6,False,,0.13803069293498993,,,AM,Detection,,,,2024-06-01T06:30:36.640000,,2024-06-01_317,2024-06-01,,True,,,,,,2024-06-01T06:30:36.640000,
R50D6,False,,0.11620589345693588,,,AM,Detection,,,,2024-06-01T06:41:32.310000,,2024-06-01_318,2024-06-01,,True,,,,,,2024-06-01T06:41:32.310000,
R50D6,False,,0.15272954106330872,,,AM,Detection,,,,2024-06-01T06:44:12.070000,,2024-06-01_319,2024-06-01,,True,,,,,,2024-06-01T06:44:12.070000,
R50D6,False,,0.2410876452922821,,,AM,Detection,,,,2024-06-01T06:52:52.970000,,2024-06-01_320,2024-06-01,,True,,,,,,2024-06-01T06:52:52.970000,
R50D6,False,,0.11693736910820007,,,AM,Detection,,,,2024-06-01T07:02:51.040000,,2024-06-01_321,2024-06-01,,True,,,,,,2024-06-01T07:02:51.040000,
R50D6,False,,0.10598636418581009,,,AM,Detection,,,,2024-06-01T07:04:53.860000,,2024-06-01_322,2024-06-01,,True,,,,,,2024-06-01T07:04:53.860000,
R50D6,False,,0.15685153007507324,,,AM,Detection,,,,2024-06-01T07:04:54.910000,,2024-06-01_323,2024-06-01,,True,,,,,,2024-06-01T07:04:54.910000,
R50D6,False,,0.5414630174636841,,,AM,Detection,,,,2024-06-01T07:22:15.700000,,2024-06-01_324,2024-06-01,,True,,,,,,2024-06-01T07:22:15.700000,
R50D6,False,,0.21378476917743683,,,AM,Detection,,,,2024-06-01T07:27:37,,2024-06-01_325,2024-06-01,,True,,,,,,2024-06-01T07:27:37,
R50D6,False,,0.30555450916290283,,,AM,Detection,,,,2024-06-01T07:35:58.210000,,2024-06-01_326,2024-06-01,,True,,,,,,2024-06-01T07:35:58.210000,
R50D6,False,,0.5273942351341248,,,AM,Detection,,,,2024-06-01T07:52:41.770000,,2024-06-01_327,2024-06-01,,True,,,,,,2024-06-01T07:52:41.770000,
R50D6,False,,0.1487288922071457,,,AM,Detection,,,,2024-06-01T07:55:27.590000,,2024-06-01_328,2024-06-01,,True,,,,,,2024-06-01T07:55:27.590000,
R50D6,False,,0.3050759732723236,,,AM,Detection,,,,2024-06-01T08:07:51.830000,,2024-06-01_329,2024-06-01,,True,,,,,,2024-06-01T08:07:51.830000,
R50D6,False,,0.643522322177887,,,AM,Detection,,,,2024-06-01T08:13:38.050000,,2024-06-01_330,2024-06-01,,True,,,,,,2024-06-01T08:13:38.050000,
R50D6,False,,0.11852511018514633,,,AM,Detection,,,,2024-06-01T08:14:36.960000,,2024-06-01_331,2024-06-01,,True,,,,,,2024-06-01T08:14:36.960000,
R50D6,False,,0.2080203890800476,,,AM,Detection,,,,2024-06-01T08:25:55.460000,,2024-06-01_332,2024-06-01,,True,,,,,,2024-06-01T08:25:55.460000,
R50D6,False,,0.15434269607067108,,,AM,Detection,,,,2024-06-01T08:26:14.090000,,2024-06-01_333,2024-06-01,,True,,,,,,2024-06-01T08:26:14.090000,
R50D6,False,,0.6114792823791504,,,AM,Detection,,,,2024-06-01T08:27:08.560000,,2024-06-01_334,2024-06-01,,True,,,,,,2024-06-01T08:27:08.560000,
R50D6,False,,0.25109046697616577,,,AM,Detection,,,,2024-06-01T08:37:21.060000,,2024-06-01_335,2024-06-01,,True,,,,,,2024-06-01T08:37:21.060000,
R50D6,False,,0.19166776537895203,,,AM,Detection,,,,2024-06-01T08:37:21.890000,,2024-06-01_336,2024-06-01,,True,,,,,,2024-06-01T08:37:21.890000,
R50D6,False,,0.5639181137084961,,,AM,Detection,,,,2024-06-01T08:41:04.020000,,2024-06-01_337,2024-06-01,,True,,,,,,2024-06-01T08:41:04.020000,
R50D6,False,,0.16851244866847992,,,AM,Detection,,,,2024-06-01T08:51:53.140000,,2024-06-01_338,2024-06-01,,True,,,,,,2024-06-01T08:51:53.140000,
R50D6,False,,0.21559761464595795,,,AM,Detection,,,,2024-06-01T08:55:36.980000,,2024-06-01_339,2024-06-01,,True,,,,,,2024-06-01T08:55:36.980000,
R50D6,False,,0.10225111991167068,,,AM,Detection,,,,2024-06-01T08:55:37.980000,,2024-06-01_340,2024-06-01,,True,,,,,,2024-06-01T08:55:37.980000,
R50D6,False,,0.14238190650939941,,,AM,Detection,,,,2024-06-01T09:00:21.590000,,2024-06-01_341,2024-06-01,,True,,,,,,2024-06-01T09:00:21.590000,
R50D6,False,,0.37628889083862305,,,AM,Detection,,,,2024-06-01T09:54:38.030000,,2024-06-01_342,2024-06-01,,True,,,,,,2024-06-01T09:54:38.030000,
R50D6,False,,0.4623771905899048,,,AM,Detection,,,,2024-06-01T10:00:06.920000,,2024-06-01_343,2024-06-01,,True,,,,,,2024-06-01T10:00:06.920000,
R50D6,False,,0.662870466709137,,,AM,Detection,,,,2024-06-01T10:04:08,,2024-06-01_344,2024-06-01,,True,,,,,,2024-06-01T10:04:08,
R50D6,False,,0.30385923385620117,,,AM,Detection,,,,2024-06-01T10:11:08.020000,,2024-06-01_345,2024-06-01,,True,,,,,,2024-06-01T10:11:08.020000,
R50D6,False,,0.1501682847738266,,,AM,Detection,,,,2024-06-01T10:12:05,,2024-06-01_346,2024-06-01,,True,,,,,,2024-06-01T10:12:05,
R50D6,False,,0.5203645825386047,,,AM,Detection,,,,2024-06-01T10:12:06.010000,,2024-06-01_347,2024-06-01,,True,,,,,,2024-06-01T10:12:06.010000,
R50D6,False,,0.2778211236000061,,,AM,Detection,,,,2024-06-01T10:13:35.970000,,2024-06-01_348,2024-06-01,,True,,,,,,2024-06-01T10:13:35.970000,
R50D6,False,,0.12959547340869904,,,AM,Detection,,,,2024-06-01T10:15:07.990000,,2024-06-01_349,2024-06-01,,True,,,,,,2024-06-01T10:15:07.990000,
R50D6,False,,0.12042830884456635,,,AM,Detection,,,,2024-06-01T10:15:08.990000,,2024-06-01_350,2024-06-01,,True,,,,,,2024-06-01T10:15:08.990000,
R50D6,False,,0.45440003275871277,,,AM,Detection,,,,2024-06-01T10:17:09.110000,,2024-06-01_351,2024-06-01,,True,,,,,,2024-06-01T10:17:09.110000,
R50D6,False,,0.2379690259695053,,,AM,Detection,,,,2024-06-01T10:22:08.610000,,2024-06-01_352,2024-06-01,,True,,,,,,2024-06-01T10:22:08.610000,
R50D6,False,,0.2941000163555145,,,AM,Detection,,,,2024-06-01T10:35:23.010000,,2024-06-01_353,2024-06-01,,True,,,,,,2024-06-01T10:35:23.010000,
R50D6,False,,0.1831924319267273,,,AM,Detection,,,,2024-06-01T10:41:39.610000,,2024-06-01_354,2024-06-01,,True,,,,,,2024-06-01T10:41:39.610000,
R50D6,False,,0.3165518045425415,,,AM,Detection,,,,2024-06-01T10:44:22.980000,,2024-06-01_355,2024-06-01,,True,,,,,,2024-06-01T10:44:22.980000,
R50D6,False,,0.18012917041778564,,,AM,Detection,,,,2024-06-01T10:58:37.450000,,2024-06-01_356,2024-06-01,,True,,,,,,2024-06-01T10:58:37.450000,
R50D6,False,,0.572380781173706,,,AM,Detection,,,,2024-06-01T11:25:50.970000,,2024-06-01_357,2024-06-01,,True,,,,,,2024-06-01T11:25:50.970000,
R50D6,False,,0.2630665898323059,,,AM,Detection,,,,2024-06-01T11:27:42.070000,,2024-06-01_358,2024-06-01,,True,,,,,,2024-06-01T11:27:42.070000,
R50D6,False,,0.13196618854999542,,,AM,Detection,,,,2024-06-01T11:30:35.970000,,2024-06-01_359,2024-06-01,,True,,,,,,2024-06-01T11:30:35.970000,
R50D6,False,,0.621062695980072,,,AM,Detection,,,,2024-06-01T11:30:37,,2024-06-01_360,2024-06-01,,True,,,,,,2024-06-01T11:30:37,
R50D6,False,,0.8414385318756104,,,AM,Detection,,,,2024-06-01T11:32:41.020000,,2024-06-01_361,2024-06-01,,True,,,,,,2024-06-01T11:32:41.020000,
R50D6,False,,,,,AM,Detection,,,,2024-06-01T11:32:41.460000,,2024-06-01_362,2024-06-01,,True,,,,,,,
R50D6,False,,0.7012298703193665,,,AM,Detection,,,,2024-06-01T11:34:53.070000,,2024-06-01_363,2024-06-01,,True,,,,,,2024-06-01T11:34:53.070000,
R50D6,False,,0.4247070550918579,,,AM,Detection,,,,2024-06-01T11:38:51.210000,,2024-06-01_364,2024-06-01,,True,,,,,,2024-06-01T11:38:51.210000,
R50D6,False,,0.16850882768630981,,,AM,Detection,,,,2024-06-01T11:41:36.950000,,2024-06-01_365,2024-06-01,,True,,,,,,2024-06-01T11:41:36.950000,
R50D6,False,,0.12567944824695587,,,AM,Detection,,,,2024-06-01T11:45:53.050000,,2024-06-01_366,2024-06-01,,True,,,,,,2024-06-01T11:45:53.050000,
R50D6,False,,0.3747387230396271,,,AM,Detection,,,,2024-06-01T11:57:13.080000,,2024-06-01_367,2024-06-01,,True,,,,,,2024-06-01T11:57:13.080000,
R50D6,False,,0.11712514609098434,,,AM,Detection,,,,2024-06-01T11:57:49.830000,,2024-06-01_368,2024-06-01,,True,,,,,,2024-06-01T11:57:49.830000,
R50D6,False,,0.3524486720561981,,,AM,Detection,,,,2024-06-01T12:17:36,,2024-06-01_369,2024-06-01,,True,,,,,,2024-06-01T12:17:36,
R50D6,False,,0.1156010776758194,,,AM,Detection,,,,2024-06-01T12:19:08.970000,,2024-06-01_370,2024-06-01,,True,,,,,,2024-06-01T12:19:08.970000,
R50D6,False,,0.24233482778072357,,,AM,Detection,,,,2024-06-01T12:19:51.350000,,2024-06-01_371,2024-06-01,,True,,,,,,2024-06-01T12:19:51.350000,
R50D6,False,,0.11693239957094193,,,AM,Detection,,,,2024-06-01T12:20:13.240000,,2024-06-01_372,2024-06-01,,True,,,,,,2024-06-01T12:20:13.240000,
R50D6,False,,0.8575034141540527,,,AM,Detection,,,,2024-06-01T12:32:01.050000,,2024-06-01_373,2024-06-01,,True,,,,,,2024-06-01T12:32:01.050000,
R50D6,False,,0.14641718566417694,,,AM,Detection,,,,2024-06-01T12:34:40.030000,,2024-06-01_374,2024-06-01,,True,,,,,,2024-06-01T12:34:40.030000,
R50D6,False,,0.20676861703395844,,,AM,Detection,,,,2024-06-01T12:34:40.950000,,2024-06-01_375,2024-06-01,,True,,,,,,2024-06-01T12:34:40.950000,
R50D6,False,,0.20516115427017212,,,AM,Detection,,,,2024-06-01T12:39:21.170000,,2024-06-01_376,2024-06-01,,True,,,,,,2024-06-01T12:39:21.170000,
R50D6,False,,0.47412949800491333,,,AM,Detection,,,,2024-06-01T13:14:53.200000,,2024-06-01_377,2024-06-01,,True,,,,,,2024-06-01T13:14:53.200000,
R50D6,False,,0.16137515008449554,,,AM,Detection,,,,2024-06-01T13:57:45.410000,,2024-06-01_378,2024-06-01,,True,,,,,,2024-06-01T13:57:45.410000,
R50D6,False,,0.5067617893218994,,,AM,Detection,,,,2024-06-01T14:01:21.190000,,2024-06-01_379,2024-06-01,,True,,,,,,2024-06-01T14:01:21.190000,
R50D6,False,,0.10437825322151184,,,AM,Detection,,,,2024-06-01T14:01:40.100000,,2024-06-01_380,2024-06-01,,True,,,,,,2024-06-01T14:01:40.100000,
R50D6,False,,0.43045443296432495,,,AM,Detection,,,,2024-06-01T14:21:20.670000,,2024-06-01_381,2024-06-01,,True,,,,,,2024-06-01T14:21:20.670000,
R50D6,False,,0.11913039535284042,,,AM,Detection,,,,2024-06-01T14:21:53.690000,,2024-06-01_382,2024-06-01,,True,,,,,,2024-06-01T14:21:53.690000,
R50D6,False,,0.2507418394088745,,,AM,Detection,,,,2024-06-01T14:25:37.110000,,2024-06-01_383,2024-06-01,,True,,,,,,2024-06-01T14:25:37.110000,
R50D6,False,,0.15536534786224365,,,AM,Detection,,,,2024-06-01T14:26:21.940000,,2024-06-01_384,2024-06-01,,True,,,,,,2024-06-01T14:26:21.940000,
R50D6,False,,0.20388008654117584,,,AM,Detection,,,,2024-06-01T14:30:23.450000,,2024-06-01_385,2024-06-01,,True,,,,,,2024-06-01T14:30:23.450000,
R50D6,False,,0.23350933194160461,,,AM,Detection,,,,2024-06-01T14:34:39.010000,,2024-06-01_386,2024-06-01,,True,,,,,,2024-06-01T14:34:39.010000,
R50D6,False,,0.23040339350700378,,,AM,Detection,,,,2024-06-01T14:45:23.080000,,2024-06-01_387,2024-06-01,,True,,,,,,2024-06-01T14:45:23.080000,
R50D6,False,,0.6796914935112,,,AM,Detection,,,,2024-06-01T15:02:36,,2024-06-01_388,2024-06-01,,True,,,,,,2024-06-01T15:02:36,
R50D6,False,,0.12102583050727844,,,AM,Detection,,,,2024-06-01T15:53:27.090000,,2024-06-01_389,2024-06-01,,True,,,,,,2024-06-01T15:53:27.090000,
R50D6,False,,0.408320814371109,,,AM,Detection,,,,2024-06-01T15:57:36,,2024-06-01_390,2024-06-01,,True,,,,,,2024-06-01T15:57:36,
R50D6,False,,0.48942309617996216,,,AM,Detection,,,,2024-06-01T15:58:06.990000,,2024-06-01_391,2024-06-01,,True,,,,,,2024-06-01T15:58:06.990000,
R50D6,False,,0.18255354464054108,,,AM,Detection,,,,2024-06-01T16:00:41.840000,,2024-06-01_392,2024-06-01,,True,,,,,,2024-06-01T16:00:41.840000,
R50D6,False,,0.155776247382164,,,AM,Detection,,,,2024-06-01T16:08:48.470000,,2024-06-01_393,2024-06-01,,True,,,,,,2024-06-01T16:08:48.470000,
R50D6,False,,0.2535132169723511,,,AM,Detection,,,,2024-06-01T16:19:53.070000,,2024-06-01_394,2024-06-01,,True,,,,,,2024-06-01T16:19:53.070000,
R50D6,False,,0.1767423301935196,,,AM,Detection,,,,2024-06-01T16:33:47.750000,,2024-06-01_395,2024-06-01,,True,,,,,,2024-06-01T16:33:47.750000,
R50D6,False,,0.3005518913269043,,,AM,Detection,,,,2024-06-01T16:41:25.050000,,2024-06-01_396,2024-06-01,,True,,,,,,2024-06-01T16:41:25.050000,
R50D6,False,,0.20809732377529144,,,AM,Detection,,,,2024-06-01T16:45:09.850000,,2024-06-01_397,2024-06-01,,True,,,,,,2024-06-01T16:45:09.850000,
R50D6,False,,0.2441377192735672,,,AM,Detection,,,,2024-06-01T16:56:35.950000,,2024-06-01_398,2024-06-01,,True,,,,,,2024-06-01T16:56:35.950000,
R50D6,False,,0.13946533203125,,,AM,Detection,,,,2024-06-01T17:00:05,,2024-06-01_399,2024-06-01,,True,,,,,,2024-06-01T17:00:05,
R50D6,False,,0.2448170781135559,,,AM,Detection,,,,2024-06-01T17:00:05.970000,,2024-06-01_400,2024-06-01,,True,,,,,,2024-06-01T17:00:05.970000,
R50D6,False,,0.4163379669189453,,,AM,Detection,,,,2024-06-01T17:04:07.980000,,2024-06-01_401,2024-06-01,,True,,,,,,2024-06-01T17:04:07.980000,
R50D6,False,,0.8150538802146912,,,AM,Detection,,,,2024-06-01T17:28:39,,2024-06-01_402,2024-06-01,,True,,,,,,2024-06-01T17:28:39,
R50D6,False,,0.10484931617975235,,,AM,Detection,,,,2024-06-01T17:36:06.030000,,2024-06-01_403,2024-06-01,,True,,,,,,2024-06-01T17:36:06.030000,
R50D6,False,,0.1411983072757721,,,AM,Detection,,,,2024-06-01T17:36:07.020000,,2024-06-01_404,2024-06-01,,True,,,,,,2024-06-01T17:36:07.020000,
R50D6,False,,0.19881923496723175,,,AM,Detection,,,,2024-06-01T17:38:10.980000,,2024-06-01_405,2024-06-01,,True,,,,,,2024-06-01T17:38:10.980000,
R50D6,False,,0.8101011514663696,,,AM,Detection,,,,2024-06-01T17:57:06.020000,,2024-06-01_406,2024-06-01,,True,,,,,,2024-06-01T17:57:06.020000,
R50D6,False,,0.1807609647512436,,,AM,Detection,,,,2024-06-01T17:57:46.980000,,2024-06-01_407,2024-06-01,,True,,,,,,2024-06-01T17:57:46.980000,
R50D6,False,,0.5102221965789795,,,AM,Detection,,,,2024-06-01T18:10:53.080000,,2024-06-01_408,2024-06-01,,True,,,,,,2024-06-01T18:10:53.080000,
R50D6,False,,0.16411571204662323,,,AM,Detection,,,,2024-06-01T18:13:05.960000,,2024-06-01_409,2024-06-01,,True,,,,,,2024-06-01T18:13:05.960000,
R50D6,False,,0.11973252147436142,,,AM,Detection,,,,2024-06-01T18:13:06.970000,,2024-06-01_410,2024-06-01,,True,,,,,,2024-06-01T18:13:06.970000,
R50D6,False,,0.13231974840164185,,,AM,Detection,,,,2024-06-01T18:22:06.020000,,2024-06-01_411,2024-06-01,,True,,,,,,2024-06-01T18:22:06.020000,
R50D6,False,,0.2507950961589813,,,AM,Detection,,,,2024-06-01T18:22:07,,2024-06-01_412,2024-06-01,,True,,,,,,2024-06-01T18:22:07,
R50D6,False,,0.38396379351615906,,,AM,Detection,,,,2024-06-01T18:39:28.260000,,2024-06-01_413,2024-06-01,,True,,,,,,2024-06-01T18:39:28.260000,
R50D6,False,,0.4765429198741913,,,AM,Detection,,,,2024-06-01T18:44:06,,2024-06-01_414,2024-06-01,,True,,,,,,2024-06-01T18:44:06,
R50D6,False,,0.39259418845176697,,,AM,Detection,,,,2024-06-01T18:50:05.960000,,2024-06-01_415,2024-06-01,,True,,,,,,2024-06-01T18:50:05.960000,
R50D6,False,,0.12141399085521698,,,AM,Detection,,,,2024-06-01T18:50:24.580000,,2024-06-01_416,2024-06-01,,True,,,,,,2024-06-01T18:50:24.580000,
R50D6,False,,0.2814105749130249,,,AM,Detection,,,,2024-06-01T19:05:36.050000,,2024-06-01_417,2024-06-01,,True,,,,,,2024-06-01T19:05:36.050000,
R50D6,False,,0.17798598110675812,,,AM,Detection,,,,2024-06-01T19:13:48.540000,,2024-06-01_418,2024-06-01,,True,,,,,,2024-06-01T19:13:48.540000,
R50D6,False,,0.7786462306976318,,,AM,Detection,,,,2024-06-01T19:24:09.010000,,2024-06-01_419,2024-06-01,,True,,,,,,2024-06-01T19:24:09.010000,
R50D6,False,,0.24373427033424377,,,AM,Detection,,,,2024-06-01T19:39:22.930000,,2024-06-01_420,2024-06-01,,True,,,,,,2024-06-01T19:39:22.930000,
R50D6,False,,0.14427858591079712,,,AM,Detection,,,,2024-06-01T19:55:23.310000,,2024-06-01_421,2024-06-01,,True,,,,,,2024-06-01T19:55:23.310000,
R50D6,False,,0.2862112522125244,,,AM,Detection,,,,2024-06-01T20:09:51.570000,,2024-06-01_422,2024-06-01,,True,,,,,,2024-06-01T20:09:51.570000,
R50D6,False,,0.27135422825813293,,,AM,Detection,,,,2024-06-01T20:30:45.890000,,2024-06-01_423,2024-06-01,,True,,,,,,2024-06-01T20:30:45.890000,
R50D6,False,,0.1360476166009903,,,AM,Detection,,,,2024-06-01T20:33:27.550000,,2024-06-01_424,2024-06-01,,True,,,,,,2024-06-01T20:33:27.550000,
R50D6,False,,0.5027954578399658,,,AM,Detection,,,,2024-06-01T20:35:38.980000,,2024-06-01_425,2024-06-01,,True,,,,,,2024-06-01T20:35:38.980000,
R50D6,False,,0.1391097754240036,,,AM,Detection,,,,2024-06-01T20:40:07.990000,,2024-06-01_426,2024-06-01,,True,,,,,,2024-06-01T20:40:07.990000,
R50D6,False,,0.48565611243247986,,,AM,Detection,,,,2024-06-01T20:41:22.190000,,2024-06-01_427,2024-06-01,,True,,,,,,2024-06-01T20:41:22.190000,
R50D6,False,,0.16330742835998535,,,AM,Detection,,,,2024-06-01T20:41:51.890000,,2024-06-01_428,2024-06-01,,True,,,,,,2024-06-01T20:41:51.890000,
R50D6,False,,0.21092569828033447,,,AM,Detection,,,,2024-06-01T21:08:07.610000,,2024-06-01_429,2024-06-01,,True,,,,,,2024-06-01T21:08:07.610000,
R50D6,False,,0.2745838165283203,,,AM,Detection,,,,2024-06-01T21:09:58.210000,,2024-06-01_430,2024-06-01,,True,,,,,,2024-06-01T21:09:58.210000,
R50D6,False,,0.18281765282154083,,,AM,Detection,,,,2024-06-01T21:10:48.270000,,2024-06-01_431,2024-06-01,,True,,,,,,2024-06-01T21:10:48.270000,
R50D6,False,,0.42399659752845764,,,AM,Detection,,,,2024-06-01T21:22:55.010000,,2024-06-01_432,2024-06-01,,True,,,,,,2024-06-01T21:22:55.010000,
R50D6,False,,0.40468907356262207,,,AM,Detection,,,,2024-06-01T21:34:51.220000,,2024-06-01_433,2024-06-01,,True,,,,,,2024-06-01T21:34:51.220000,
R50D6,False,,0.8366228342056274,,,AM,Detection,,,,2024-06-01T22:06:38,,2024-06-01_434,2024-06-01,,True,,,,,,2024-06-01T22:06:38,
R50D6,False,,0.28108370304107666,,,AM,Detection,,,,2024-06-01T22:07:11.100000,,2024-06-01_435,2024-06-01,,True,,,,,,2024-06-01T22:07:11.100000,
R50D6,False,,0.3455827534198761,,,AM,Detection,,,,2024-06-01T22:07:35,,2024-06-01_436,2024-06-01,,True,,,,,,2024-06-01T22:07:35,
R50D6,False,,0.21433256566524506,,,AM,Detection,,,,2024-06-01T22:07:49.780000,,2024-06-01_437,2024-06-01,,True,,,,,,2024-06-01T22:07:49.780000,
R50D6,False,,0.21194863319396973,,,AM,Detection,,,,2024-06-01T22:09:54.590000,,2024-06-01_438,2024-06-01,,True,,,,,,2024-06-01T22:09:54.590000,
R50D6,False,,0.24597403407096863,,,AM,Detection,,,,2024-06-01T22:12:36.980000,,2024-06-01_439,2024-06-01,,True,,,,,,2024-06-01T22:12:36.980000,
R50D6,False,,0.4719204008579254,,,AM,Detection,,,,2024-06-01T22:12:37.990000,,2024-06-01_440,2024-06-01,,True,,,,,,2024-06-01T22:12:37.990000,
R50D6,False,,0.10743720084428787,,,AM,Detection,,,,2024-06-01T22:12:39,,2024-06-01_441,2024-06-01,,True,,,,,,2024-06-01T22:12:39,
R50D6,False,,0.20573173463344574,,,AM,Detection,,,,2024-06-01T22:26:48.900000,,2024-06-01_442,2024-06-01,,True,,,,,,2024-06-01T22:26:48.900000,
R50D6,False,,0.20271222293376923,,,AM,Detection,,,,2024-06-01T22:44:37.770000,,2024-06-01_443,2024-06-01,,True,,,,,,2024-06-01T22:44:37.770000,
R50D6,False,,0.112840935587883,,,AM,Detection,,,,2024-06-01T22:45:03.570000,,2024-06-01_444,2024-06-01,,True,,,,,,2024-06-01T22:45:03.570000,
R50D6,False,,0.6181536316871643,,,AM,Detection,,,,2024-06-01T22:54:37.010000,,2024-06-01_445,2024-06-01,,True,,,,,,2024-06-01T22:54:37.010000,
R50D6,False,,0.3965555429458618,,,AM,Detection,,,,2024-06-01T23:00:22.110000,,2024-06-01_446,2024-06-01,,True,,,,,,2024-06-01T23:00:22.110000,
R50D6,False,,0.3947179615497589,,,AM,Detection,,,,2024-06-01T23:11:42.770000,,2024-06-01_447,2024-06-01,,True,,,,,,2024-06-01T23:11:42.770000,
R50D6,False,,0.1009175106883049,,,AM,Detection,,,,2024-06-01T23:21:07.050000,,2024-06-01_448,2024-06-01,,True,,,,,,2024-06-01T23:21:07.050000,
R50D6,False,,0.2894290089607239,,,AM,Detection,,,,2024-06-01T23:21:08.030000,,2024-06-01_449,2024-06-01,,True,,,,,,2024-06-01T23:21:08.030000,
R50D6,False,,0.2708873152732849,,,AM,Detection,,,,2024-06-01T23:22:19.180000,,2024-06-01_450,2024-06-01,,True,,,,,,2024-06-01T23:22:19.180000,
R50D6,False,,0.8739058971405029,,,AM,Detection,,,,2024-06-01T23:41:01.070000,,2024-06-01_451,2024-06-01,,True,,,,,,2024-06-01T23:41:01.070000,
R50D6,False,,0.849774956703186,,,AM,Detection,,,,2024-06-01T23:42:56.770000,,2024-06-01_452,2024-06-01,,True,,,,,,2024-06-01T23:42:56.770000,
R50D6,False,,0.2238883227109909,,,AM,Detection,,,,2024-06-01T23:51:07.080000,,2024-06-01_453,2024-06-01,,True,,,,,,2024-06-01T23:51:07.080000,
R50D6,False,,0.5464920997619629,,,AM,Detection,,,,2024-06-01T23:52:47.640000,,2024-06-01_454,2024-06-01,,True,,,,,,2024-06-01T23:52:47.640000,
R50D6,False,,0.32869163155555725,,,AM,Detection,,,,2024-06-01T23:55:36,,2024-06-01_455,2024-06-01,,True,,,,,,2024-06-01T23:55:36,
R50D6,False,,0.3342617154121399,,,AM,Detection,,,,2024-06-01T23:55:37,,2024-06-01_456,2024-06-01,,True,,,,,,2024-06-01T23:55:37,
