depth,s_predicted,date,p_detected,s_error,network,detected,catalogued,epi_distance,provider,s_confidence,long,p_predicted,p_confidence,lat,time,code,p_error,mag,event_id,s_detected,plot_path,mag_type,unique_id
10.0,2024-08-24T00:18:36.751902,2024-08-23,,,AM,False,True,7931.592494334927,GFZ,,160.76,2024-08-24T00:09:15.769757,,52.913,2024-08-23T23:57:52.840000,R50D6,,4.88,smi:org.gfz-potsdam.de/geofon/gfz2024qpeq,,,mb,2024-08-23_175
10.0,2024-08-23T21:58:27.230078,2024-08-23,,,AM,False,True,7923.202548334168,GFZ,,160.815,2024-08-23T21:49:06.663885,,52.996,2024-08-23T21:37:44.190000,R50D6,,5.15,smi:org.gfz-potsdam.de/geofon/gfz2024qpaa,,,mb,2024-08-23_176
10.0,2024-08-23T20:48:59.805142,2024-08-23,,,AM,False,True,5461.313892546101,GFZ,,71.205,2024-08-23T20:41:51.986244,,39.843,2024-08-23T20:33:01.880000,R50D6,,4.75,smi:org.gfz-potsdam.de/geofon/gfz2024qoxv,,,mb,2024-08-23_177
10.0,2024-08-23T19:39:47.749649,2024-08-23,,,AM,False,True,7920.030103429638,GFZ,,160.621,2024-08-23T19:30:27.341091,,53.003,2024-08-23T19:19:05.040000,R50D6,,5.17,smi:org.gfz-potsdam.de/geofon/gfz2024qovl,,,mb,2024-08-23_178
0.8,2024-08-23T17:19:15.076658,2024-08-23,,,AM,False,True,1239.9548271053554,GFZ,,16.27,2024-08-23T17:17:08.016681,,51.498,2024-08-23T17:14:26.890000,R50D6,,3.4,smi:org.gfz-potsdam.de/geofon/gfz2024qorj,,,mb,2024-08-23_179
29.0,2024-08-23T07:30:24.687955,2024-08-23,,,AM,False,True,7948.942227380042,GFZ,,160.908,2024-08-23T07:21:02.848393,,52.771,2024-08-23T07:09:38.980000,R50D6,,5.18,smi:org.gfz-potsdam.de/geofon/gfz2024qnxk,,,mb,2024-08-23_180
10.0,2024-08-23T05:27:34.706184,2024-08-23,,,AM,False,True,7953.886707137593,GFZ,,160.99,2024-08-23T05:18:12.619613,,52.735,2024-08-23T05:06:48.480000,R50D6,,5.4,smi:org.gfz-potsdam.de/geofon/gfz2024qnti,,,m,2024-08-23_181
,,2024-08-23,2024-08-22T23:56:35.900000,,AM,True,False,,Detection,,,,0.8153244853019714,,2024-08-22T23:56:35.900000,R50D6,,,,,,,2024-08-23_08
,,2024-08-23,,,AM,True,False,,Detection,,,,,,2024-08-23T00:26:53.970000,R50D6,,,,,,,2024-08-23_09
,,2024-08-23,2024-08-23T00:37:06,,AM,True,False,,Detection,,,,0.5757492780685425,,2024-08-23T00:37:06,R50D6,,,,,,,2024-08-23_10
,,2024-08-23,2024-08-23T00:57:06.650000,,AM,True,False,,Detection,,,,0.7644798159599304,,2024-08-23T00:57:06.650000,R50D6,,,,,,,2024-08-23_11
,,2024-08-23,2024-08-23T00:58:23.080000,,AM,True,False,,Detection,,,,0.5192162394523621,,2024-08-23T00:58:23.080000,R50D6,,,,,,,2024-08-23_12
,,2024-08-23,2024-08-23T01:08:08,,AM,True,False,,Detection,,,,0.5881459712982178,,2024-08-23T01:08:08,R50D6,,,,,,,2024-08-23_13
,,2024-08-23,2024-08-23T01:11:38,,AM,True,False,,Detection,,,,0.839888334274292,,2024-08-23T01:11:38,R50D6,,,,,,,2024-08-23_14
,,2024-08-23,,,AM,True,False,,Detection,,,,,,2024-08-23T01:17:36.980000,R50D6,,,,,,,2024-08-23_15
,,2024-08-23,2024-08-23T01:27:19.040000,,AM,True,False,,Detection,,,,0.5081694722175598,,2024-08-23T01:27:19.040000,R50D6,,,,,,,2024-08-23_16
,,2024-08-23,2024-08-23T01:57:30.400000,,AM,True,False,,Detection,,,,0.7367016077041626,,2024-08-23T01:57:30.400000,R50D6,,,,,,,2024-08-23_17
,,2024-08-23,,,AM,True,False,,Detection,,,,,,2024-08-23T01:57:34.270000,R50D6,,,,,,,2024-08-23_18
,,2024-08-23,2024-08-23T02:16:35.020000,,AM,True,False,,Detection,,,,0.7881516814231873,,2024-08-23T02:16:35.020000,R50D6,,,,,,,2024-08-23_19
,,2024-08-23,2024-08-23T02:24:06,,AM,True,False,,Detection,,,,0.5255337357521057,,2024-08-23T02:24:06,R50D6,,,,,,,2024-08-23_20
,,2024-08-23,,,AM,True,False,,Detection,,,,,,2024-08-23T02:27:46.680000,R50D6,,,,,,,2024-08-23_21
,,2024-08-23,2024-08-23T02:42:44.970000,,AM,True,False,,Detection,,,,0.6905864477157593,,2024-08-23T02:42:44.970000,R50D6,,,,,,,2024-08-23_22
,,2024-08-23,2024-08-23T02:43:10.140000,,AM,True,False,,Detection,,,,0.6037183403968811,,2024-08-23T02:43:10.140000,R50D6,,,,,,,2024-08-23_23
,,2024-08-23,2024-08-23T02:46:19.510000,,AM,True,False,,Detection,,,,0.6843689680099487,,2024-08-23T02:46:19.510000,R50D6,,,,,,,2024-08-23_24
,,2024-08-23,2024-08-23T03:47:08.010000,,AM,True,False,,Detection,,,,0.5964372158050537,,2024-08-23T03:47:08.010000,R50D6,,,,,,,2024-08-23_25
,,2024-08-23,2024-08-23T03:58:10.030000,,AM,True,False,,Detection,,,,0.5290547609329224,,2024-08-23T03:58:10.030000,R50D6,,,,,,,2024-08-23_26
,,2024-08-23,,,AM,True,False,,Detection,,,,,,2024-08-23T03:58:10.800000,R50D6,,,,,,,2024-08-23_27
,,2024-08-23,2024-08-23T04:25:21.080000,,AM,True,False,,Detection,,,,0.7087300419807434,,2024-08-23T04:25:21.080000,R50D6,,,,,,,2024-08-23_28
,,2024-08-23,2024-08-23T04:35:39.020000,,AM,True,False,,Detection,,,,0.732419490814209,,2024-08-23T04:35:39.020000,R50D6,,,,,,,2024-08-23_29
,,2024-08-23,2024-08-23T04:37:53.040000,,AM,True,False,,Detection,,,,0.5152786374092102,,2024-08-23T04:37:53.040000,R50D6,,,,,,,2024-08-23_30
,,2024-08-23,2024-08-23T04:40:08.120000,,AM,True,False,,Detection,,,,0.7547982931137085,,2024-08-23T04:40:08.120000,R50D6,,,,,,,2024-08-23_31
,,2024-08-23,2024-08-23T04:57:05.030000,,AM,True,False,,Detection,,,,0.5560817122459412,,2024-08-23T04:57:05.030000,R50D6,,,,,,,2024-08-23_32
,,2024-08-23,2024-08-23T04:58:40.010000,,AM,True,False,,Detection,,,,0.8887987732887268,,2024-08-23T04:58:40.010000,R50D6,,,,,,,2024-08-23_33
,,2024-08-23,2024-08-23T05:00:37.020000,,AM,True,False,,Detection,,,,0.6365383267402649,,2024-08-23T05:00:37.020000,R50D6,,,,,,,2024-08-23_34
,,2024-08-23,2024-08-23T05:05:21.060000,,AM,True,False,,Detection,,,,0.5471760034561157,,2024-08-23T05:05:21.060000,R50D6,,,,,,,2024-08-23_35
,,2024-08-23,2024-08-23T05:10:36.990000,,AM,True,False,,Detection,,,,0.5975321531295776,,2024-08-23T05:10:36.990000,R50D6,,,,,,,2024-08-23_36
,,2024-08-23,2024-08-23T05:13:20.790000,,AM,True,False,,Detection,,,,0.6004816889762878,,2024-08-23T05:13:20.790000,R50D6,,,,,,,2024-08-23_37
,,2024-08-23,2024-08-23T05:16:05.010000,,AM,True,False,,Detection,,,,0.7988004684448242,,2024-08-23T05:16:05.010000,R50D6,,,,,,,2024-08-23_38
,,2024-08-23,2024-08-23T05:21:29.930000,,AM,True,False,,Detection,,,,0.6184221506118774,,2024-08-23T05:21:29.930000,R50D6,,,,,,,2024-08-23_39
,,2024-08-23,2024-08-23T05:28:54.990000,,AM,True,False,,Detection,,,,0.6015134453773499,,2024-08-23T05:28:54.990000,R50D6,,,,,,,2024-08-23_40
,,2024-08-23,2024-08-23T05:42:21.890000,,AM,True,False,,Detection,,,,0.5336184501647949,,2024-08-23T05:42:21.890000,R50D6,,,,,,,2024-08-23_41
,,2024-08-23,2024-08-23T05:44:38.010000,,AM,True,False,,Detection,,,,0.7905741333961487,,2024-08-23T05:44:38.010000,R50D6,,,,,,,2024-08-23_42
,,2024-08-23,2024-08-23T05:45:19.730000,,AM,True,False,,Detection,,,,0.5410248041152954,,2024-08-23T05:45:19.730000,R50D6,,,,,,,2024-08-23_43
,,2024-08-23,,,AM,True,False,,Detection,,,,,,2024-08-23T05:45:20.530000,R50D6,,,,,,,2024-08-23_44
,,2024-08-23,,,AM,True,False,,Detection,,,,,,2024-08-23T05:48:32.520000,R50D6,,,,,,,2024-08-23_45
,,2024-08-23,2024-08-23T05:48:54.160000,,AM,True,False,,Detection,,,,0.6738490462303162,,2024-08-23T05:48:54.160000,R50D6,,,,,,,2024-08-23_46
,,2024-08-23,,,AM,True,False,,Detection,,,,,,2024-08-23T05:48:54.420000,R50D6,,,,,,,2024-08-23_47
,,2024-08-23,2024-08-23T05:52:26.240000,,AM,True,False,,Detection,,,,0.8249998092651367,,2024-08-23T05:52:26.240000,R50D6,,,,,,,2024-08-23_48
,,2024-08-23,2024-08-23T05:52:56.970000,,AM,True,False,,Detection,,,,0.8334150910377502,,2024-08-23T05:52:56.970000,R50D6,,,,,,,2024-08-23_49
,,2024-08-23,2024-08-23T05:54:10.830000,,AM,True,False,,Detection,,,,0.6210201382637024,,2024-08-23T05:54:10.830000,R50D6,,,,,,,2024-08-23_50
,,2024-08-23,2024-08-23T05:55:30.690000,,AM,True,False,,Detection,,,,0.5458056926727295,,2024-08-23T05:55:30.690000,R50D6,,,,,,,2024-08-23_51
,,2024-08-23,2024-08-23T05:59:11.980000,,AM,True,False,,Detection,,,,0.6869409680366516,,2024-08-23T05:59:11.980000,R50D6,,,,,,,2024-08-23_52
,,2024-08-23,2024-08-23T06:02:13.150000,,AM,True,False,,Detection,,,,0.6239530444145203,,2024-08-23T06:02:13.150000,R50D6,,,,,,,2024-08-23_53
,,2024-08-23,2024-08-23T06:05:01.990000,,AM,True,False,,Detection,,,,0.6823288798332214,,2024-08-23T06:05:01.990000,R50D6,,,,,,,2024-08-23_54
,,2024-08-23,2024-08-23T06:11:36.010000,,AM,True,False,,Detection,,,,0.8951411247253418,,2024-08-23T06:11:36.010000,R50D6,,,,,,,2024-08-23_55
,,2024-08-23,2024-08-23T06:17:38.560000,,AM,True,False,,Detection,,,,0.5429345965385437,,2024-08-23T06:17:38.560000,R50D6,,,,,,,2024-08-23_56
,,2024-08-23,2024-08-23T06:18:01.070000,,AM,True,False,,Detection,,,,0.6125131845474243,,2024-08-23T06:18:01.070000,R50D6,,,,,,,2024-08-23_57
,,2024-08-23,2024-08-23T06:26:25.780000,,AM,True,False,,Detection,,,,0.7320002317428589,,2024-08-23T06:26:25.780000,R50D6,,,,,,,2024-08-23_58
,,2024-08-23,,,AM,True,False,,Detection,,,,,,2024-08-23T06:26:26.300000,R50D6,,,,,,,2024-08-23_59
,,2024-08-23,2024-08-23T06:27:06.020000,,AM,True,False,,Detection,,,,0.6920270919799805,,2024-08-23T06:27:06.020000,R50D6,,,,,,,2024-08-23_60
,,2024-08-23,2024-08-23T06:28:23,,AM,True,False,,Detection,,,,0.6206567287445068,,2024-08-23T06:28:23,R50D6,,,,,,,2024-08-23_61
,,2024-08-23,2024-08-23T06:29:20.040000,,AM,True,False,,Detection,,,,0.8843703269958496,,2024-08-23T06:29:20.040000,R50D6,,,,,,,2024-08-23_62
,,2024-08-23,2024-08-23T06:30:39,,AM,True,False,,Detection,,,,0.8769389986991882,,2024-08-23T06:30:39,R50D6,,,,,,,2024-08-23_63
,,2024-08-23,2024-08-23T06:31:25.020000,,AM,True,False,,Detection,,,,0.8881336450576782,,2024-08-23T06:31:25.020000,R50D6,,,,,,,2024-08-23_64
,,2024-08-23,,,AM,True,False,,Detection,,,,,,2024-08-23T06:31:25.600000,R50D6,,,,,,,2024-08-23_65
,,2024-08-23,2024-08-23T06:34:19.040000,,AM,True,False,,Detection,,,,0.7282018661499023,,2024-08-23T06:34:19.040000,R50D6,,,,,,,2024-08-23_66
,,2024-08-23,2024-08-23T06:37:20.020000,,AM,True,False,,Detection,,,,0.6152058839797974,,2024-08-23T06:37:20.020000,R50D6,,,,,,,2024-08-23_67
,,2024-08-23,,,AM,True,False,,Detection,,,,,,2024-08-23T06:37:20.310000,R50D6,,,,,,,2024-08-23_68
,,2024-08-23,,,AM,True,False,,Detection,,,,,,2024-08-23T06:37:46.670000,R50D6,,,,,,,2024-08-23_69
,,2024-08-23,2024-08-23T06:38:37.060000,,AM,True,False,,Detection,,,,0.5022830367088318,,2024-08-23T06:38:37.060000,R50D6,,,,,,,2024-08-23_70
,,2024-08-23,2024-08-23T06:49:07.980000,,AM,True,False,,Detection,,,,0.5129600167274475,,2024-08-23T06:49:07.980000,R50D6,,,,,,,2024-08-23_71
,,2024-08-23,2024-08-23T06:50:01.380000,,AM,True,False,,Detection,,,,0.6594699621200562,,2024-08-23T06:50:01.380000,R50D6,,,,,,,2024-08-23_72
,,2024-08-23,2024-08-23T06:52:09.990000,,AM,True,False,,Detection,,,,0.8109593987464905,,2024-08-23T06:52:09.990000,R50D6,,,,,,,2024-08-23_73
,,2024-08-23,2024-08-23T06:57:06,,AM,True,False,,Detection,,,,0.7985036373138428,,2024-08-23T06:57:06,R50D6,,,,,,,2024-08-23_74
,,2024-08-23,2024-08-23T07:00:10.990000,,AM,True,False,,Detection,,,,0.7081609964370728,,2024-08-23T07:00:10.990000,R50D6,,,,,,,2024-08-23_75
,,2024-08-23,2024-08-23T07:02:02.590000,,AM,True,False,,Detection,,,,0.5623379945755005,,2024-08-23T07:02:02.590000,R50D6,,,,,,,2024-08-23_76
,,2024-08-23,,,AM,True,False,,Detection,,,,,,2024-08-23T07:02:03.020000,R50D6,,,,,,,2024-08-23_77
,,2024-08-23,2024-08-23T07:02:49.590000,,AM,True,False,,Detection,,,,0.5542346239089966,,2024-08-23T07:02:49.590000,R50D6,,,,,,,2024-08-23_78
,,2024-08-23,2024-08-23T07:10:06,,AM,True,False,,Detection,,,,0.7664240598678589,,2024-08-23T07:10:06,R50D6,,,,,,,2024-08-23_79
,,2024-08-23,2024-08-23T07:11:40.960000,,AM,True,False,,Detection,,,,0.5179840326309204,,2024-08-23T07:11:40.960000,R50D6,,,,,,,2024-08-23_80
,,2024-08-23,2024-08-23T07:18:07,,AM,True,False,,Detection,,,,0.9059341549873352,,2024-08-23T07:18:07,R50D6,,,,,,,2024-08-23_81
,,2024-08-23,2024-08-23T07:21:39.010000,,AM,True,False,,Detection,,,,0.5887452960014343,,2024-08-23T07:21:39.010000,R50D6,,,,,,,2024-08-23_82
,,2024-08-23,2024-08-23T07:22:21.900000,,AM,True,False,,Detection,,,,0.6602596640586853,,2024-08-23T07:22:21.900000,R50D6,,,,,,,2024-08-23_83
,,2024-08-23,2024-08-23T07:26:37.060000,,AM,True,False,,Detection,,,,0.5764635801315308,,2024-08-23T07:26:37.060000,R50D6,,,,,,,2024-08-23_84
,,2024-08-23,2024-08-23T07:29:37.990000,,AM,True,False,,Detection,,,,0.8030022382736206,,2024-08-23T07:29:37.990000,R50D6,,,,,,,2024-08-23_85
,,2024-08-23,2024-08-23T07:34:11,,AM,True,False,,Detection,,,,0.5414776802062988,,2024-08-23T07:34:11,R50D6,,,,,,,2024-08-23_86
,,2024-08-23,,,AM,True,False,,Detection,,,,,,2024-08-23T07:46:32.360000,R50D6,,,,,,,2024-08-23_87
,,2024-08-23,2024-08-23T07:51:11,,AM,True,False,,Detection,,,,0.5334553122520447,,2024-08-23T07:51:11,R50D6,,,,,,,2024-08-23_88
,,2024-08-23,2024-08-23T07:58:21,,AM,True,False,,Detection,,,,0.8188955783843994,,2024-08-23T07:58:21,R50D6,,,,,,,2024-08-23_89
,,2024-08-23,,,AM,True,False,,Detection,,,,,,2024-08-23T07:58:42,R50D6,,,,,,,2024-08-23_90
,,2024-08-23,2024-08-23T07:59:02.230000,,AM,True,False,,Detection,,,,0.6786332726478577,,2024-08-23T07:59:02.230000,R50D6,,,,,,,2024-08-23_91
,,2024-08-23,,,AM,True,False,,Detection,,,,,,2024-08-23T07:59:02.840000,R50D6,,,,,,,2024-08-23_92
,,2024-08-23,2024-08-23T08:00:40,,AM,True,False,,Detection,,,,0.5945373773574829,,2024-08-23T08:00:40,R50D6,,,,,,,2024-08-23_93
,,2024-08-23,2024-08-23T08:01:52.040000,,AM,True,False,,Detection,,,,0.6757957935333252,,2024-08-23T08:01:52.040000,R50D6,,,,,,,2024-08-23_94
,,2024-08-23,,,AM,True,False,,Detection,,,,,,2024-08-23T08:04:05.090000,R50D6,,,,,,,2024-08-23_95
,,2024-08-23,2024-08-23T08:08:51.030000,,AM,True,False,,Detection,,,,0.7956579327583313,,2024-08-23T08:08:51.030000,R50D6,,,,,,,2024-08-23_96
,,2024-08-23,2024-08-23T08:15:05,,AM,True,False,,Detection,,,,0.7631139159202576,,2024-08-23T08:15:05,R50D6,,,,,,,2024-08-23_97
,,2024-08-23,,,AM,True,False,,Detection,,,,,,2024-08-23T08:15:05.420000,R50D6,,,,,,,2024-08-23_98
,,2024-08-23,2024-08-23T08:17:40.960000,,AM,True,False,,Detection,,,,0.8588903546333313,,2024-08-23T08:17:40.960000,R50D6,,,,,,,2024-08-23_99
,,2024-08-23,,,AM,True,False,,Detection,,,,,,2024-08-23T08:17:41.300000,R50D6,,,,,,,2024-08-23_100
,,2024-08-23,2024-08-23T08:24:36,,AM,True,False,,Detection,,,,0.873375654220581,,2024-08-23T08:24:36,R50D6,,,,,,,2024-08-23_101
,,2024-08-23,,,AM,True,False,,Detection,,,,,,2024-08-23T08:24:36.660000,R50D6,,,,,,,2024-08-23_102
,,2024-08-23,2024-08-23T08:24:57.130000,,AM,True,False,,Detection,,,,0.5446658134460449,,2024-08-23T08:24:57.130000,R50D6,,,,,,,2024-08-23_103
,,2024-08-23,,,AM,True,False,,Detection,,,,,,2024-08-23T08:24:57.940000,R50D6,,,,,,,2024-08-23_104
,,2024-08-23,2024-08-23T08:29:05.010000,,AM,True,False,,Detection,,,,0.7137696743011475,,2024-08-23T08:29:05.010000,R50D6,,,,,,,2024-08-23_105
,,2024-08-23,2024-08-23T08:30:35,,AM,True,False,,Detection,,,,0.801159679889679,,2024-08-23T08:30:35,R50D6,,,,,,,2024-08-23_106
,,2024-08-23,2024-08-23T08:36:07.030000,,AM,True,False,,Detection,,,,0.5466753244400024,,2024-08-23T08:36:07.030000,R50D6,,,,,,,2024-08-23_107
,,2024-08-23,2024-08-23T08:37:42.010000,,AM,True,False,,Detection,,,,0.8034825921058655,,2024-08-23T08:37:42.010000,R50D6,,,,,,,2024-08-23_108
,,2024-08-23,2024-08-23T08:38:05.170000,,AM,True,False,,Detection,,,,0.728078305721283,,2024-08-23T08:38:05.170000,R50D6,,,,,,,2024-08-23_109
,,2024-08-23,,,AM,True,False,,Detection,,,,,,2024-08-23T08:38:05.660000,R50D6,,,,,,,2024-08-23_110
,,2024-08-23,2024-08-23T08:43:37.980000,,AM,True,False,,Detection,,,,0.6717034578323364,,2024-08-23T08:43:37.980000,R50D6,,,,,,,2024-08-23_111
,,2024-08-23,2024-08-23T08:45:50.970000,,AM,True,False,,Detection,,,,0.6927245259284973,,2024-08-23T08:45:50.970000,R50D6,,,,,,,2024-08-23_112
,,2024-08-23,2024-08-23T08:46:18.820000,,AM,True,False,,Detection,,,,0.5761368870735168,,2024-08-23T08:46:18.820000,R50D6,,,,,,,2024-08-23_113
,,2024-08-23,2024-08-23T08:47:05.020000,,AM,True,False,,Detection,,,,0.7895296216011047,,2024-08-23T08:47:05.020000,R50D6,,,,,,,2024-08-23_114
,,2024-08-23,2024-08-23T08:47:28.360000,,AM,True,False,,Detection,,,,0.6361194849014282,,2024-08-23T08:47:28.360000,R50D6,,,,,,,2024-08-23_115
,,2024-08-23,2024-08-23T08:57:05.010000,,AM,True,False,,Detection,,,,0.7622516751289368,,2024-08-23T08:57:05.010000,R50D6,,,,,,,2024-08-23_116
,,2024-08-23,2024-08-23T08:59:26.680000,,AM,True,False,,Detection,,,,0.6870154142379761,,2024-08-23T08:59:26.680000,R50D6,,,,,,,2024-08-23_117
,,2024-08-23,2024-08-23T09:06:42.770000,,AM,True,False,,Detection,,,,0.6980746388435364,,2024-08-23T09:06:42.770000,R50D6,,,,,,,2024-08-23_118
,,2024-08-23,2024-08-23T09:09:07.010000,,AM,True,False,,Detection,,,,0.602495014667511,,2024-08-23T09:09:07.010000,R50D6,,,,,,,2024-08-23_119
,,2024-08-23,2024-08-23T09:10:37,,AM,True,False,,Detection,,,,0.7247982621192932,,2024-08-23T09:10:37,R50D6,,,,,,,2024-08-23_120
,,2024-08-23,2024-08-23T09:11:07,,AM,True,False,,Detection,,,,0.7972590327262878,,2024-08-23T09:11:07,R50D6,,,,,,,2024-08-23_121
,,2024-08-23,2024-08-23T09:11:36.010000,,AM,True,False,,Detection,,,,0.5252987146377563,,2024-08-23T09:11:36.010000,R50D6,,,,,,,2024-08-23_122
,,2024-08-23,,,AM,True,False,,Detection,,,,,,2024-08-23T09:12:40.200000,R50D6,,,,,,,2024-08-23_123
,,2024-08-23,2024-08-23T09:16:37.030000,,AM,True,False,,Detection,,,,0.7994953393936157,,2024-08-23T09:16:37.030000,R50D6,,,,,,,2024-08-23_124
,,2024-08-23,2024-08-23T09:20:06.990000,,AM,True,False,,Detection,,,,0.6563047766685486,,2024-08-23T09:20:06.990000,R50D6,,,,,,,2024-08-23_125
,,2024-08-23,2024-08-23T09:23:40.690000,,AM,True,False,,Detection,,,,0.7954661846160889,,2024-08-23T09:23:40.690000,R50D6,,,,,,,2024-08-23_126
,,2024-08-23,,,AM,True,False,,Detection,,,,,,2024-08-23T09:23:41.310000,R50D6,,,,,,,2024-08-23_127
,,2024-08-23,2024-08-23T09:26:39.980000,,AM,True,False,,Detection,,,,0.7007820010185242,,2024-08-23T09:26:39.980000,R50D6,,,,,,,2024-08-23_128
,,2024-08-23,,,AM,True,False,,Detection,,,,,,2024-08-23T09:26:41.090000,R50D6,,,,,,,2024-08-23_129
,,2024-08-23,2024-08-23T09:29:43.390000,,AM,True,False,,Detection,,,,0.5045034885406494,,2024-08-23T09:29:43.390000,R50D6,,,,,,,2024-08-23_130
,,2024-08-23,2024-08-23T09:30:47.270000,,AM,True,False,,Detection,,,,0.7822582125663757,,2024-08-23T09:30:47.270000,R50D6,,,,,,,2024-08-23_131
,,2024-08-23,2024-08-23T09:34:53.060000,,AM,True,False,,Detection,,,,0.5962287187576294,,2024-08-23T09:34:53.060000,R50D6,,,,,,,2024-08-23_132
,,2024-08-23,2024-08-23T09:45:37.010000,,AM,True,False,,Detection,,,,0.6338877081871033,,2024-08-23T09:45:37.010000,R50D6,,,,,,,2024-08-23_133
,,2024-08-23,2024-08-23T09:48:07.980000,,AM,True,False,,Detection,,,,0.5714757442474365,,2024-08-23T09:48:07.980000,R50D6,,,,,,,2024-08-23_134
,,2024-08-23,2024-08-23T09:49:53.110000,,AM,True,False,,Detection,,,,0.5663305521011353,,2024-08-23T09:49:53.110000,R50D6,,,,,,,2024-08-23_135
,,2024-08-23,2024-08-23T10:06:51.040000,,AM,True,False,,Detection,,,,0.7670590281486511,,2024-08-23T10:06:51.040000,R50D6,,,,,,,2024-08-23_136
,,2024-08-23,2024-08-23T10:07:26.070000,,AM,True,False,,Detection,,,,0.6387986540794373,,2024-08-23T10:07:26.070000,R50D6,,,,,,,2024-08-23_137
,,2024-08-23,2024-08-23T10:08:40.910000,,AM,True,False,,Detection,,,,0.5910692811012268,,2024-08-23T10:08:40.910000,R50D6,,,,,,,2024-08-23_138
,,2024-08-23,2024-08-23T10:09:18.370000,,AM,True,False,,Detection,,,,0.6368356943130493,,2024-08-23T10:09:18.370000,R50D6,,,,,,,2024-08-23_139
,,2024-08-23,,,AM,True,False,,Detection,,,,,,2024-08-23T10:09:18.830000,R50D6,,,,,,,2024-08-23_140
,,2024-08-23,2024-08-23T10:10:02.900000,,AM,True,False,,Detection,,,,0.6134840250015259,,2024-08-23T10:10:02.900000,R50D6,,,,,,,2024-08-23_141
,,2024-08-23,2024-08-23T10:11:21.070000,,AM,True,False,,Detection,,,,0.505541980266571,,2024-08-23T10:11:21.070000,R50D6,,,,,,,2024-08-23_142
,,2024-08-23,2024-08-23T10:18:55.540000,,AM,True,False,,Detection,,,,0.7006250619888306,,2024-08-23T10:18:55.540000,R50D6,,,,,,,2024-08-23_143
,,2024-08-23,,,AM,True,False,,Detection,,,,,,2024-08-23T10:18:56.020000,R50D6,,,,,,,2024-08-23_144
,,2024-08-23,2024-08-23T10:20:57.100000,,AM,True,False,,Detection,,,,0.6951689124107361,,2024-08-23T10:20:57.100000,R50D6,,,,,,,2024-08-23_145
,,2024-08-23,2024-08-23T10:21:21.010000,,AM,True,False,,Detection,,,,0.6466006636619568,,2024-08-23T10:21:21.010000,R50D6,,,,,,,2024-08-23_146
,,2024-08-23,2024-08-23T10:23:24.070000,,AM,True,False,,Detection,,,,0.6767135858535767,,2024-08-23T10:23:24.070000,R50D6,,,,,,,2024-08-23_147
,,2024-08-23,2024-08-23T10:24:06.390000,,AM,True,False,,Detection,,,,0.525587797164917,,2024-08-23T10:24:06.390000,R50D6,,,,,,,2024-08-23_148
,,2024-08-23,,,AM,True,False,,Detection,,,,,,2024-08-23T10:24:06.870000,R50D6,,,,,,,2024-08-23_149
,,2024-08-23,2024-08-23T10:26:09.980000,,AM,True,False,,Detection,,,,0.8789507150650024,,2024-08-23T10:26:09.980000,R50D6,,,,,,,2024-08-23_150
,,2024-08-23,,,AM,True,False,,Detection,,,,,,2024-08-23T10:26:10.460000,R50D6,,,,,,,2024-08-23_151
,,2024-08-23,2024-08-23T10:30:23.980000,,AM,True,False,,Detection,,,,0.7804499268531799,,2024-08-23T10:30:23.980000,R50D6,,,,,,,2024-08-23_152
,,2024-08-23,2024-08-23T10:35:54.060000,,AM,True,False,,Detection,,,,0.6739010214805603,,2024-08-23T10:35:54.060000,R50D6,,,,,,,2024-08-23_153
,,2024-08-23,2024-08-23T10:36:50.030000,,AM,True,False,,Detection,,,,0.6165764927864075,,2024-08-23T10:36:50.030000,R50D6,,,,,,,2024-08-23_154
,,2024-08-23,2024-08-23T10:41:50.830000,,AM,True,False,,Detection,,,,0.754635751247406,,2024-08-23T10:41:50.830000,R50D6,,,,,,,2024-08-23_155
,,2024-08-23,,,AM,True,False,,Detection,,,,,,2024-08-23T10:41:51.240000,R50D6,,,,,,,2024-08-23_156
,,2024-08-23,2024-08-23T10:44:11,,AM,True,False,,Detection,,,,0.5766634345054626,,2024-08-23T10:44:11,R50D6,,,,,,,2024-08-23_157
,,2024-08-23,,,AM,True,False,,Detection,,,,,,2024-08-23T10:44:11.430000,R50D6,,,,,,,2024-08-23_158
,,2024-08-23,2024-08-23T10:47:07.020000,,AM,True,False,,Detection,,,,0.8398263454437256,,2024-08-23T10:47:07.020000,R50D6,,,,,,,2024-08-23_159
,,2024-08-23,2024-08-23T10:47:54.020000,,AM,True,False,,Detection,,,,0.5856335163116455,,2024-08-23T10:47:54.020000,R50D6,,,,,,,2024-08-23_160
,,2024-08-23,2024-08-23T10:50:35.990000,,AM,True,False,,Detection,,,,0.7469484806060791,,2024-08-23T10:50:35.990000,R50D6,,,,,,,2024-08-23_161
,,2024-08-23,2024-08-23T10:53:05,,AM,True,False,,Detection,,,,0.712134599685669,,2024-08-23T10:53:05,R50D6,,,,,,,2024-08-23_162
,,2024-08-23,2024-08-23T10:55:38.010000,,AM,True,False,,Detection,,,,0.8503627777099609,,2024-08-23T10:55:38.010000,R50D6,,,,,,,2024-08-23_163
,,2024-08-23,2024-08-23T10:56:06.990000,,AM,True,False,,Detection,,,,0.851764976978302,,2024-08-23T10:56:06.990000,R50D6,,,,,,,2024-08-23_164
,,2024-08-23,,,AM,True,False,,Detection,,,,,,2024-08-23T10:56:07.410000,R50D6,,,,,,,2024-08-23_165
,,2024-08-23,2024-08-23T11:00:44.740000,,AM,True,False,,Detection,,,,0.8405171036720276,,2024-08-23T11:00:44.740000,R50D6,,,,,,,2024-08-23_166
,,2024-08-23,2024-08-23T11:05:07.980000,,AM,True,False,,Detection,,,,0.7506048083305359,,2024-08-23T11:05:07.980000,R50D6,,,,,,,2024-08-23_167
,,2024-08-23,2024-08-23T11:06:06.790000,,AM,True,False,,Detection,,,,0.7532863020896912,,2024-08-23T11:06:06.790000,R50D6,,,,,,,2024-08-23_168
,,2024-08-23,2024-08-23T11:11:49.900000,,AM,True,False,,Detection,,,,0.506072998046875,,2024-08-23T11:11:49.900000,R50D6,,,,,,,2024-08-23_169
,,2024-08-23,2024-08-23T11:16:36,,AM,True,False,,Detection,,,,0.5368264317512512,,2024-08-23T11:16:36,R50D6,,,,,,,2024-08-23_170
,,2024-08-23,2024-08-23T11:22:35,,AM,True,False,,Detection,,,,0.6159912347793579,,2024-08-23T11:22:35,R50D6,,,,,,,2024-08-23_171
,,2024-08-23,2024-08-23T11:23:52.090000,,AM,True,False,,Detection,,,,0.8049753904342651,,2024-08-23T11:23:52.090000,R50D6,,,,,,,2024-08-23_172
,,2024-08-23,2024-08-23T11:24:54.770000,,AM,True,False,,Detection,,,,0.8284213542938232,,2024-08-23T11:24:54.770000,R50D6,,,,,,,2024-08-23_173
,,2024-08-23,2024-08-23T11:26:05.030000,,AM,True,False,,Detection,,,,0.7660468220710754,,2024-08-23T11:26:05.030000,R50D6,,,,,,,2024-08-23_174
,,2024-08-23,2024-08-23T11:28:23.940000,,AM,True,False,,Detection,,,,0.8309447169303894,,2024-08-23T11:28:23.940000,R50D6,,,,,,,2024-08-23_175
,,2024-08-23,,,AM,True,False,,Detection,,,,,,2024-08-23T11:28:24.440000,R50D6,,,,,,,2024-08-23_176
,,2024-08-23,2024-08-23T11:29:19.690000,,AM,True,False,,Detection,,,,0.8348548412322998,,2024-08-23T11:29:19.690000,R50D6,,,,,,,2024-08-23_177
,,2024-08-23,2024-08-23T11:31:09,,AM,True,False,,Detection,,,,0.5080317258834839,,2024-08-23T11:31:09,R50D6,,,,,,,2024-08-23_178
,,2024-08-23,2024-08-23T11:31:09.980000,,AM,True,False,,Detection,,,,0.5377440452575684,,2024-08-23T11:31:09.980000,R50D6,,,,,,,2024-08-23_179
,,2024-08-23,2024-08-23T11:47:37,,AM,True,False,,Detection,,,,0.8469082713127136,,2024-08-23T11:47:37,R50D6,,,,,,,2024-08-23_180
,,2024-08-23,2024-08-23T11:48:07,,AM,True,False,,Detection,,,,0.7976272702217102,,2024-08-23T11:48:07,R50D6,,,,,,,2024-08-23_181
,,2024-08-23,2024-08-23T11:49:24.130000,,AM,True,False,,Detection,,,,0.5566328763961792,,2024-08-23T11:49:24.130000,R50D6,,,,,,,2024-08-23_182
,,2024-08-23,2024-08-23T11:51:36.010000,,AM,True,False,,Detection,,,,0.8710283041000366,,2024-08-23T11:51:36.010000,R50D6,,,,,,,2024-08-23_183
,,2024-08-23,2024-08-23T11:53:05,,AM,True,False,,Detection,,,,0.7361916303634644,,2024-08-23T11:53:05,R50D6,,,,,,,2024-08-23_184
,,2024-08-23,2024-08-23T11:55:06,,AM,True,False,,Detection,,,,0.8418461680412292,,2024-08-23T11:55:06,R50D6,,,,,,,2024-08-23_185
,,2024-08-23,2024-08-23T12:00:18.050000,,AM,True,False,,Detection,,,,0.7237363457679749,,2024-08-23T12:00:18.050000,R50D6,,,,,,,2024-08-23_186
,,2024-08-23,2024-08-23T12:02:11,,AM,True,False,,Detection,,,,0.6054444313049316,,2024-08-23T12:02:11,R50D6,,,,,,,2024-08-23_187
,,2024-08-23,,,AM,True,False,,Detection,,,,,,2024-08-23T12:08:54.170000,R50D6,,,,,,,2024-08-23_188
,,2024-08-23,2024-08-23T12:14:34.080000,,AM,True,False,,Detection,,,,0.6539497375488281,,2024-08-23T12:14:34.080000,R50D6,,,,,,,2024-08-23_189
,,2024-08-23,2024-08-23T12:19:22.010000,,AM,True,False,,Detection,,,,0.5021159052848816,,2024-08-23T12:19:22.010000,R50D6,,,,,,,2024-08-23_190
,,2024-08-23,2024-08-23T12:20:21.460000,,AM,True,False,,Detection,,,,0.6420271992683411,,2024-08-23T12:20:21.460000,R50D6,,,,,,,2024-08-23_191
,,2024-08-23,,,AM,True,False,,Detection,,,,,,2024-08-23T12:20:22,R50D6,,,,,,,2024-08-23_192
,,2024-08-23,2024-08-23T12:20:43.550000,,AM,True,False,,Detection,,,,0.5145777463912964,,2024-08-23T12:20:43.550000,R50D6,,,,,,,2024-08-23_193
,,2024-08-23,,,AM,True,False,,Detection,,,,,,2024-08-23T12:20:44.140000,R50D6,,,,,,,2024-08-23_194
,,2024-08-23,2024-08-23T12:22:52.070000,,AM,True,False,,Detection,,,,0.7979549169540405,,2024-08-23T12:22:52.070000,R50D6,,,,,,,2024-08-23_195
,,2024-08-23,2024-08-23T12:23:28.020000,,AM,True,False,,Detection,,,,0.7502608895301819,,2024-08-23T12:23:28.020000,R50D6,,,,,,,2024-08-23_196
,,2024-08-23,2024-08-23T12:24:08.050000,,AM,True,False,,Detection,,,,0.6199240684509277,,2024-08-23T12:24:08.050000,R50D6,,,,,,,2024-08-23_197
,,2024-08-23,2024-08-23T12:24:51.770000,,AM,True,False,,Detection,,,,0.656689465045929,,2024-08-23T12:24:51.770000,R50D6,,,,,,,2024-08-23_198
,,2024-08-23,2024-08-23T12:26:07.990000,,AM,True,False,,Detection,,,,0.7456468939781189,,2024-08-23T12:26:07.990000,R50D6,,,,,,,2024-08-23_199
,,2024-08-23,2024-08-23T12:26:46.430000,,AM,True,False,,Detection,,,,0.8551331162452698,,2024-08-23T12:26:46.430000,R50D6,,,,,,,2024-08-23_200
,,2024-08-23,,,AM,True,False,,Detection,,,,,,2024-08-23T12:26:47.030000,R50D6,,,,,,,2024-08-23_201
,,2024-08-23,2024-08-23T12:27:23.280000,,AM,True,False,,Detection,,,,0.5923578143119812,,2024-08-23T12:27:23.280000,R50D6,,,,,,,2024-08-23_202
,,2024-08-23,2024-08-23T12:31:03.690000,,AM,True,False,,Detection,,,,0.5359687805175781,,2024-08-23T12:31:03.690000,R50D6,,,,,,,2024-08-23_203
,,2024-08-23,,,AM,True,False,,Detection,,,,,,2024-08-23T12:31:04.260000,R50D6,,,,,,,2024-08-23_204
,,2024-08-23,,,AM,True,False,,Detection,,,,,,2024-08-23T12:31:17.870000,R50D6,,,,,,,2024-08-23_205
,,2024-08-23,2024-08-23T12:32:49.070000,,AM,True,False,,Detection,,,,0.5053302645683289,,2024-08-23T12:32:49.070000,R50D6,,,,,,,2024-08-23_206
,,2024-08-23,2024-08-23T12:33:06.740000,,AM,True,False,,Detection,,,,0.7295646667480469,,2024-08-23T12:33:06.740000,R50D6,,,,,,,2024-08-23_207
,,2024-08-23,2024-08-23T12:33:27.180000,,AM,True,False,,Detection,,,,0.7647654414176941,,2024-08-23T12:33:27.180000,R50D6,,,,,,,2024-08-23_208
,,2024-08-23,,,AM,True,False,,Detection,,,,,,2024-08-23T12:33:27.790000,R50D6,,,,,,,2024-08-23_209
,,2024-08-23,2024-08-23T12:34:08,,AM,True,False,,Detection,,,,0.8297829031944275,,2024-08-23T12:34:08,R50D6,,,,,,,2024-08-23_210
,,2024-08-23,2024-08-23T12:34:56.030000,,AM,True,False,,Detection,,,,0.5000689625740051,,2024-08-23T12:34:56.030000,R50D6,,,,,,,2024-08-23_211
,,2024-08-23,2024-08-23T12:35:09.100000,,AM,True,False,,Detection,,,,0.5850868821144104,,2024-08-23T12:35:09.100000,R50D6,,,,,,,2024-08-23_212
,,2024-08-23,2024-08-23T12:37:28.050000,,AM,True,False,,Detection,,,,0.7307946085929871,,2024-08-23T12:37:28.050000,R50D6,,,,,,,2024-08-23_213
,,2024-08-23,,,AM,True,False,,Detection,,,,,,2024-08-23T12:37:28.700000,R50D6,,,,,,,2024-08-23_214
,,2024-08-23,2024-08-23T12:39:31.080000,,AM,True,False,,Detection,,,,0.8189215064048767,,2024-08-23T12:39:31.080000,R50D6,,,,,,,2024-08-23_215
,,2024-08-23,,,AM,True,False,,Detection,,,,,,2024-08-23T12:39:32.540000,R50D6,,,,,,,2024-08-23_216
,,2024-08-23,,,AM,True,False,,Detection,,,,,,2024-08-23T12:40:12.290000,R50D6,,,,,,,2024-08-23_217
,,2024-08-23,2024-08-23T12:41:36,,AM,True,False,,Detection,,,,0.925369918346405,,2024-08-23T12:41:36,R50D6,,,,,,,2024-08-23_218
,,2024-08-23,,,AM,True,False,,Detection,,,,,,2024-08-23T12:41:37.980000,R50D6,,,,,,,2024-08-23_219
,,2024-08-23,2024-08-23T12:42:10.880000,,AM,True,False,,Detection,,,,0.5797897577285767,,2024-08-23T12:42:10.880000,R50D6,,,,,,,2024-08-23_220
,,2024-08-23,2024-08-23T12:43:37.490000,,AM,True,False,,Detection,,,,0.5598912835121155,,2024-08-23T12:43:37.490000,R50D6,,,,,,,2024-08-23_221
,,2024-08-23,2024-08-23T12:44:15.080000,,AM,True,False,,Detection,,,,0.7069657444953918,,2024-08-23T12:44:15.080000,R50D6,,,,,,,2024-08-23_222
,,2024-08-23,2024-08-23T12:45:21.990000,,AM,True,False,,Detection,,,,0.6334571242332458,,2024-08-23T12:45:21.990000,R50D6,,,,,,,2024-08-23_223
,,2024-08-23,2024-08-23T12:46:13.240000,,AM,True,False,,Detection,,,,0.8965373635292053,,2024-08-23T12:46:13.240000,R50D6,,,,,,,2024-08-23_224
,,2024-08-23,,,AM,True,False,,Detection,,,,,,2024-08-23T12:46:13.800000,R50D6,,,,,,,2024-08-23_225
,,2024-08-23,2024-08-23T12:48:45.910000,,AM,True,False,,Detection,,,,0.5088198781013489,,2024-08-23T12:48:45.910000,R50D6,,,,,,,2024-08-23_226
,,2024-08-23,2024-08-23T12:49:54.050000,,AM,True,False,,Detection,,,,0.7590869069099426,,2024-08-23T12:49:54.050000,R50D6,,,,,,,2024-08-23_227
,,2024-08-23,2024-08-23T12:51:46.260000,,AM,True,False,,Detection,,,,0.72120201587677,,2024-08-23T12:51:46.260000,R50D6,,,,,,,2024-08-23_228
,,2024-08-23,2024-08-23T12:52:28.120000,,AM,True,False,,Detection,,,,0.8184279799461365,,2024-08-23T12:52:28.120000,R50D6,,,,,,,2024-08-23_229
,,2024-08-23,,,AM,True,False,,Detection,,,,,,2024-08-23T12:52:29.370000,R50D6,,,,,,,2024-08-23_230
,,2024-08-23,2024-08-23T12:55:21.040000,,AM,True,False,,Detection,,,,0.7017324566841125,,2024-08-23T12:55:21.040000,R50D6,,,,,,,2024-08-23_231
,,2024-08-23,2024-08-23T12:56:25.850000,,AM,True,False,,Detection,,,,0.7041261196136475,,2024-08-23T12:56:25.850000,R50D6,,,,,,,2024-08-23_232
,,2024-08-23,2024-08-23T12:57:39,,AM,True,False,,Detection,,,,0.6683697700500488,,2024-08-23T12:57:39,R50D6,,,,,,,2024-08-23_233
,,2024-08-23,2024-08-23T13:05:46.060000,,AM,True,False,,Detection,,,,0.8494762778282166,,2024-08-23T13:05:46.060000,R50D6,,,,,,,2024-08-23_234
,,2024-08-23,2024-08-23T13:09:05,,AM,True,False,,Detection,,,,0.7472119927406311,,2024-08-23T13:09:05,R50D6,,,,,,,2024-08-23_235
,,2024-08-23,2024-08-23T13:09:05.580000,,AM,True,False,,Detection,,,,0.6460855603218079,,2024-08-23T13:09:05.580000,R50D6,,,,,,,2024-08-23_236
,,2024-08-23,,,AM,True,False,,Detection,,,,,,2024-08-23T13:09:07.630000,R50D6,,,,,,,2024-08-23_237
,,2024-08-23,2024-08-23T13:10:44.610000,,AM,True,False,,Detection,,,,0.8048495650291443,,2024-08-23T13:10:44.610000,R50D6,,,,,,,2024-08-23_238
,,2024-08-23,2024-08-23T13:11:11.950000,,AM,True,False,,Detection,,,,0.6445269584655762,,2024-08-23T13:11:11.950000,R50D6,,,,,,,2024-08-23_239
,,2024-08-23,2024-08-23T13:16:23.050000,,AM,True,False,,Detection,,,,0.5265661478042603,,2024-08-23T13:16:23.050000,R50D6,,,,,,,2024-08-23_240
,,2024-08-23,2024-08-23T13:18:38.810000,,AM,True,False,,Detection,,,,0.6442685127258301,,2024-08-23T13:18:38.810000,R50D6,,,,,,,2024-08-23_241
,,2024-08-23,2024-08-23T13:19:22.070000,,AM,True,False,,Detection,,,,0.7561345100402832,,2024-08-23T13:19:22.070000,R50D6,,,,,,,2024-08-23_242
,,2024-08-23,2024-08-23T13:20:10,,AM,True,False,,Detection,,,,0.7610329389572144,,2024-08-23T13:20:10,R50D6,,,,,,,2024-08-23_243
,,2024-08-23,2024-08-23T13:21:06,,AM,True,False,,Detection,,,,0.6608037948608398,,2024-08-23T13:21:06,R50D6,,,,,,,2024-08-23_244
,,2024-08-23,2024-08-23T13:26:53.050000,,AM,True,False,,Detection,,,,0.5003687143325806,,2024-08-23T13:26:53.050000,R50D6,,,,,,,2024-08-23_245
,,2024-08-23,2024-08-23T13:38:07.990000,,AM,True,False,,Detection,,,,0.6683614253997803,,2024-08-23T13:38:07.990000,R50D6,,,,,,,2024-08-23_246
,,2024-08-23,2024-08-23T13:38:39,,AM,True,False,,Detection,,,,0.5283734202384949,,2024-08-23T13:38:39,R50D6,,,,,,,2024-08-23_247
,,2024-08-23,2024-08-23T13:41:09.140000,,AM,True,False,,Detection,,,,0.5681012272834778,,2024-08-23T13:41:09.140000,R50D6,,,,,,,2024-08-23_248
,,2024-08-23,,,AM,True,False,,Detection,,,,,,2024-08-23T13:42:13.120000,R50D6,,,,,,,2024-08-23_249
,,2024-08-23,2024-08-23T13:43:46.020000,,AM,True,False,,Detection,,,,0.8010663986206055,,2024-08-23T13:43:46.020000,R50D6,,,,,,,2024-08-23_250
,,2024-08-23,2024-08-23T13:45:06,,AM,True,False,,Detection,,,,0.8386141061782837,,2024-08-23T13:45:06,R50D6,,,,,,,2024-08-23_251
,,2024-08-23,2024-08-23T13:47:36.010000,,AM,True,False,,Detection,,,,0.5427922010421753,,2024-08-23T13:47:36.010000,R50D6,,,,,,,2024-08-23_252
,,2024-08-23,,,AM,True,False,,Detection,,,,,,2024-08-23T13:47:38.300000,R50D6,,,,,,,2024-08-23_253
,,2024-08-23,2024-08-23T13:51:00.540000,,AM,True,False,,Detection,,,,0.5679691433906555,,2024-08-23T13:51:00.540000,R50D6,,,,,,,2024-08-23_254
,,2024-08-23,2024-08-23T14:02:11.300000,,AM,True,False,,Detection,,,,0.7253427505493164,,2024-08-23T14:02:11.300000,R50D6,,,,,,,2024-08-23_255
,,2024-08-23,2024-08-23T14:04:10.960000,,AM,True,False,,Detection,,,,0.9144062995910645,,2024-08-23T14:04:10.960000,R50D6,,,,,,,2024-08-23_256
,,2024-08-23,2024-08-23T14:13:54.470000,,AM,True,False,,Detection,,,,0.5113586783409119,,2024-08-23T14:13:54.470000,R50D6,,,,,,,2024-08-23_257
,,2024-08-23,2024-08-23T14:16:27.250000,,AM,True,False,,Detection,,,,0.8389894962310791,,2024-08-23T14:16:27.250000,R50D6,,,,,,,2024-08-23_258
,,2024-08-23,2024-08-23T14:17:14.960000,,AM,True,False,,Detection,,,,0.5810365080833435,,2024-08-23T14:17:14.960000,R50D6,,,,,,,2024-08-23_259
,,2024-08-23,2024-08-23T14:20:53.220000,,AM,True,False,,Detection,,,,0.5369227528572083,,2024-08-23T14:20:53.220000,R50D6,,,,,,,2024-08-23_260
,,2024-08-23,2024-08-23T14:24:47.520000,,AM,True,False,,Detection,,,,0.8600866794586182,,2024-08-23T14:24:47.520000,R50D6,,,,,,,2024-08-23_261
,,2024-08-23,2024-08-23T14:31:55.290000,,AM,True,False,,Detection,,,,0.7098637223243713,,2024-08-23T14:31:55.290000,R50D6,,,,,,,2024-08-23_262
,,2024-08-23,2024-08-23T14:33:24.500000,,AM,True,False,,Detection,,,,0.7556645274162292,,2024-08-23T14:33:24.500000,R50D6,,,,,,,2024-08-23_263
,,2024-08-23,2024-08-23T14:34:28.250000,,AM,True,False,,Detection,,,,0.8735633492469788,,2024-08-23T14:34:28.250000,R50D6,,,,,,,2024-08-23_264
,,2024-08-23,2024-08-23T14:36:08,,AM,True,False,,Detection,,,,0.8576411604881287,,2024-08-23T14:36:08,R50D6,,,,,,,2024-08-23_265
,,2024-08-23,2024-08-23T14:42:24.820000,,AM,True,False,,Detection,,,,0.8164463043212891,,2024-08-23T14:42:24.820000,R50D6,,,,,,,2024-08-23_266
,,2024-08-23,2024-08-23T14:43:25.180000,,AM,True,False,,Detection,,,,0.7204030752182007,,2024-08-23T14:43:25.180000,R50D6,,,,,,,2024-08-23_267
,,2024-08-23,2024-08-23T14:44:25.770000,,AM,True,False,,Detection,,,,0.8916822671890259,,2024-08-23T14:44:25.770000,R50D6,,,,,,,2024-08-23_268
,,2024-08-23,2024-08-23T14:45:26.010000,,AM,True,False,,Detection,,,,0.9103848338127136,,2024-08-23T14:45:26.010000,R50D6,,,,,,,2024-08-23_269
,,2024-08-23,2024-08-23T14:47:30.230000,,AM,True,False,,Detection,,,,0.8060945272445679,,2024-08-23T14:47:30.230000,R50D6,,,,,,,2024-08-23_270
,,2024-08-23,2024-08-23T14:51:21.130000,,AM,True,False,,Detection,,,,0.5550072193145752,,2024-08-23T14:51:21.130000,R50D6,,,,,,,2024-08-23_271
,,2024-08-23,,,AM,True,False,,Detection,,,,,,2024-08-23T14:51:21.640000,R50D6,,,,,,,2024-08-23_272
,,2024-08-23,2024-08-23T14:55:43.760000,,AM,True,False,,Detection,,,,0.6433010697364807,,2024-08-23T14:55:43.760000,R50D6,,,,,,,2024-08-23_273
,,2024-08-23,,,AM,True,False,,Detection,,,,,,2024-08-23T14:55:44.110000,R50D6,,,,,,,2024-08-23_274
,,2024-08-23,2024-08-23T14:58:19.510000,,AM,True,False,,Detection,,,,0.7389341592788696,,2024-08-23T14:58:19.510000,R50D6,,,,,,,2024-08-23_275
,,2024-08-23,2024-08-23T14:59:30.030000,,AM,True,False,,Detection,,,,0.8103554844856262,,2024-08-23T14:59:30.030000,R50D6,,,,,,,2024-08-23_276
,,2024-08-23,2024-08-23T15:00:33.780000,,AM,True,False,,Detection,,,,0.8277655243873596,,2024-08-23T15:00:33.780000,R50D6,,,,,,,2024-08-23_277
,,2024-08-23,2024-08-23T15:01:27.260000,,AM,True,False,,Detection,,,,0.8982222676277161,,2024-08-23T15:01:27.260000,R50D6,,,,,,,2024-08-23_278
,,2024-08-23,2024-08-23T15:02:08.300000,,AM,True,False,,Detection,,,,0.7370559573173523,,2024-08-23T15:02:08.300000,R50D6,,,,,,,2024-08-23_279
,,2024-08-23,2024-08-23T15:07:31.320000,,AM,True,False,,Detection,,,,0.5373262166976929,,2024-08-23T15:07:31.320000,R50D6,,,,,,,2024-08-23_280
,,2024-08-23,2024-08-23T15:09:25.440000,,AM,True,False,,Detection,,,,0.8514727354049683,,2024-08-23T15:09:25.440000,R50D6,,,,,,,2024-08-23_281
,,2024-08-23,2024-08-23T15:13:05.990000,,AM,True,False,,Detection,,,,0.8586022853851318,,2024-08-23T15:13:05.990000,R50D6,,,,,,,2024-08-23_282
,,2024-08-23,2024-08-23T15:13:55.740000,,AM,True,False,,Detection,,,,0.822114109992981,,2024-08-23T15:13:55.740000,R50D6,,,,,,,2024-08-23_283
,,2024-08-23,2024-08-23T15:14:25.930000,,AM,True,False,,Detection,,,,0.5758406519889832,,2024-08-23T15:14:25.930000,R50D6,,,,,,,2024-08-23_284
,,2024-08-23,2024-08-23T15:14:55.670000,,AM,True,False,,Detection,,,,0.665879487991333,,2024-08-23T15:14:55.670000,R50D6,,,,,,,2024-08-23_285
,,2024-08-23,2024-08-23T15:15:58.770000,,AM,True,False,,Detection,,,,0.8588120341300964,,2024-08-23T15:15:58.770000,R50D6,,,,,,,2024-08-23_286
,,2024-08-23,2024-08-23T15:18:05.240000,,AM,True,False,,Detection,,,,0.8911452889442444,,2024-08-23T15:18:05.240000,R50D6,,,,,,,2024-08-23_287
,,2024-08-23,2024-08-23T15:18:58.530000,,AM,True,False,,Detection,,,,0.8937360048294067,,2024-08-23T15:18:58.530000,R50D6,,,,,,,2024-08-23_288
,,2024-08-23,,,AM,True,False,,Detection,,,,,,2024-08-23T15:18:59.080000,R50D6,,,,,,,2024-08-23_289
,,2024-08-23,2024-08-23T15:20:02.210000,,AM,True,False,,Detection,,,,0.6188568472862244,,2024-08-23T15:20:02.210000,R50D6,,,,,,,2024-08-23_290
,,2024-08-23,2024-08-23T15:21:02.530000,,AM,True,False,,Detection,,,,0.906370222568512,,2024-08-23T15:21:02.530000,R50D6,,,,,,,2024-08-23_291
,,2024-08-23,2024-08-23T15:22:48.510000,,AM,True,False,,Detection,,,,0.8832404613494873,,2024-08-23T15:22:48.510000,R50D6,,,,,,,2024-08-23_292
,,2024-08-23,2024-08-23T15:24:44.770000,,AM,True,False,,Detection,,,,0.9000647664070129,,2024-08-23T15:24:44.770000,R50D6,,,,,,,2024-08-23_293
,,2024-08-23,2024-08-23T15:25:42.030000,,AM,True,False,,Detection,,,,0.9129350781440735,,2024-08-23T15:25:42.030000,R50D6,,,,,,,2024-08-23_294
,,2024-08-23,2024-08-23T15:26:36.690000,,AM,True,False,,Detection,,,,0.529437780380249,,2024-08-23T15:26:36.690000,R50D6,,,,,,,2024-08-23_295
,,2024-08-23,2024-08-23T15:31:58.560000,,AM,True,False,,Detection,,,,0.6654309630393982,,2024-08-23T15:31:58.560000,R50D6,,,,,,,2024-08-23_296
,,2024-08-23,2024-08-23T15:40:05.010000,,AM,True,False,,Detection,,,,0.8019037842750549,,2024-08-23T15:40:05.010000,R50D6,,,,,,,2024-08-23_297
,,2024-08-23,,,AM,True,False,,Detection,,,,,,2024-08-23T15:43:28.430000,R50D6,,,,,,,2024-08-23_298
,,2024-08-23,2024-08-23T15:59:37.100000,,AM,True,False,,Detection,,,,0.6382588744163513,,2024-08-23T15:59:37.100000,R50D6,,,,,,,2024-08-23_299
,,2024-08-23,2024-08-23T16:00:23.040000,,AM,True,False,,Detection,,,,0.819856584072113,,2024-08-23T16:00:23.040000,R50D6,,,,,,,2024-08-23_300
,,2024-08-23,2024-08-23T16:00:49.150000,,AM,True,False,,Detection,,,,0.6875467896461487,,2024-08-23T16:00:49.150000,R50D6,,,,,,,2024-08-23_301
,,2024-08-23,2024-08-23T16:03:18.260000,,AM,True,False,,Detection,,,,0.8068042993545532,,2024-08-23T16:03:18.260000,R50D6,,,,,,,2024-08-23_302
,,2024-08-23,,,AM,True,False,,Detection,,,,,,2024-08-23T16:03:18.940000,R50D6,,,,,,,2024-08-23_303
,,2024-08-23,2024-08-23T16:07:23.960000,,AM,True,False,,Detection,,,,0.5027405619621277,,2024-08-23T16:07:23.960000,R50D6,,,,,,,2024-08-23_304
,,2024-08-23,2024-08-23T16:13:41.900000,,AM,True,False,,Detection,,,,0.6148217916488647,,2024-08-23T16:13:41.900000,R50D6,,,,,,,2024-08-23_305
,,2024-08-23,2024-08-23T16:16:23.830000,,AM,True,False,,Detection,,,,0.7544699907302856,,2024-08-23T16:16:23.830000,R50D6,,,,,,,2024-08-23_306
,,2024-08-23,2024-08-23T16:16:47.980000,,AM,True,False,,Detection,,,,0.5468974113464355,,2024-08-23T16:16:47.980000,R50D6,,,,,,,2024-08-23_307
,,2024-08-23,2024-08-23T16:17:25,,AM,True,False,,Detection,,,,0.5851720571517944,,2024-08-23T16:17:25,R50D6,,,,,,,2024-08-23_308
,,2024-08-23,2024-08-23T16:23:53.090000,,AM,True,False,,Detection,,,,0.7423776388168335,,2024-08-23T16:23:53.090000,R50D6,,,,,,,2024-08-23_309
,,2024-08-23,2024-08-23T16:38:41.920000,,AM,True,False,,Detection,,,,0.8397477269172668,,2024-08-23T16:38:41.920000,R50D6,,,,,,,2024-08-23_310
,,2024-08-23,2024-08-23T16:43:56.070000,,AM,True,False,,Detection,,,,0.6519598364830017,,2024-08-23T16:43:56.070000,R50D6,,,,,,,2024-08-23_311
,,2024-08-23,2024-08-23T16:47:53.170000,,AM,True,False,,Detection,,,,0.6961777210235596,,2024-08-23T16:47:53.170000,R50D6,,,,,,,2024-08-23_312
,,2024-08-23,2024-08-23T16:51:23.830000,,AM,True,False,,Detection,,,,0.7104389071464539,,2024-08-23T16:51:23.830000,R50D6,,,,,,,2024-08-23_313
,,2024-08-23,2024-08-23T16:56:51.930000,,AM,True,False,,Detection,,,,0.799180805683136,,2024-08-23T16:56:51.930000,R50D6,,,,,,,2024-08-23_314
,,2024-08-23,2024-08-23T17:14:09.970000,,AM,True,False,,Detection,,,,0.6213061213493347,,2024-08-23T17:14:09.970000,R50D6,,,,,,,2024-08-23_315
,,2024-08-23,2024-08-23T17:14:10.880000,,AM,True,False,,Detection,,,,0.7528463006019592,,2024-08-23T17:14:10.880000,R50D6,,,,,,,2024-08-23_316
,,2024-08-23,2024-08-23T17:24:22.020000,,AM,True,False,,Detection,,,,0.866070032119751,,2024-08-23T17:24:22.020000,R50D6,,,,,,,2024-08-23_317
,,2024-08-23,,,AM,True,False,,Detection,,,,,,2024-08-23T17:24:22.490000,R50D6,,,,,,,2024-08-23_318
,,2024-08-23,2024-08-23T17:26:55.050000,,AM,True,False,,Detection,,,,0.8070728778839111,,2024-08-23T17:26:55.050000,R50D6,,,,,,,2024-08-23_319
,,2024-08-23,2024-08-23T17:27:26.610000,,AM,True,False,,Detection,,,,0.7249954342842102,,2024-08-23T17:27:26.610000,R50D6,,,,,,,2024-08-23_320
,,2024-08-23,2024-08-23T17:28:42.520000,,AM,True,False,,Detection,,,,0.7350844740867615,,2024-08-23T17:28:42.520000,R50D6,,,,,,,2024-08-23_321
,,2024-08-23,2024-08-23T17:29:59.630000,,AM,True,False,,Detection,,,,0.7368845343589783,,2024-08-23T17:29:59.630000,R50D6,,,,,,,2024-08-23_322
,,2024-08-23,,,AM,True,False,,Detection,,,,,,2024-08-23T17:30:00.430000,R50D6,,,,,,,2024-08-23_323
,,2024-08-23,2024-08-23T17:34:22.170000,,AM,True,False,,Detection,,,,0.7156546711921692,,2024-08-23T17:34:22.170000,R50D6,,,,,,,2024-08-23_324
,,2024-08-23,2024-08-23T17:44:14.200000,,AM,True,False,,Detection,,,,0.7951803803443909,,2024-08-23T17:44:14.200000,R50D6,,,,,,,2024-08-23_325
,,2024-08-23,,,AM,True,False,,Detection,,,,,,2024-08-23T17:44:17.200000,R50D6,,,,,,,2024-08-23_326
,,2024-08-23,2024-08-23T17:58:06.990000,,AM,True,False,,Detection,,,,0.5033495426177979,,2024-08-23T17:58:06.990000,R50D6,,,,,,,2024-08-23_327
,,2024-08-23,2024-08-23T18:00:22.090000,,AM,True,False,,Detection,,,,0.7848727107048035,,2024-08-23T18:00:22.090000,R50D6,,,,,,,2024-08-23_328
,,2024-08-23,2024-08-23T18:04:38,,AM,True,False,,Detection,,,,0.8168672919273376,,2024-08-23T18:04:38,R50D6,,,,,,,2024-08-23_329
,,2024-08-23,2024-08-23T18:05:20.240000,,AM,True,False,,Detection,,,,0.5286581516265869,,2024-08-23T18:05:20.240000,R50D6,,,,,,,2024-08-23_330
,,2024-08-23,2024-08-23T18:12:39.010000,,AM,True,False,,Detection,,,,0.8105501532554626,,2024-08-23T18:12:39.010000,R50D6,,,,,,,2024-08-23_331
,,2024-08-23,2024-08-23T18:32:43.170000,,AM,True,False,,Detection,,,,0.700317919254303,,2024-08-23T18:32:43.170000,R50D6,,,,,,,2024-08-23_332
,,2024-08-23,2024-08-23T18:42:37.960000,,AM,True,False,,Detection,,,,0.7897989749908447,,2024-08-23T18:42:37.960000,R50D6,,,,,,,2024-08-23_333
,,2024-08-23,2024-08-23T19:00:38.040000,,AM,True,False,,Detection,,,,0.7277048826217651,,2024-08-23T19:00:38.040000,R50D6,,,,,,,2024-08-23_334
,,2024-08-23,2024-08-23T19:03:55.040000,,AM,True,False,,Detection,,,,0.6380725502967834,,2024-08-23T19:03:55.040000,R50D6,,,,,,,2024-08-23_335
,,2024-08-23,2024-08-23T19:31:11.800000,,AM,True,False,,Detection,,,,0.6007558703422546,,2024-08-23T19:31:11.800000,R50D6,,,,,,,2024-08-23_336
,,2024-08-23,2024-08-23T19:41:38.990000,,AM,True,False,,Detection,,,,0.6275620460510254,,2024-08-23T19:41:38.990000,R50D6,,,,,,,2024-08-23_337
,,2024-08-23,2024-08-23T19:45:13.450000,,AM,True,False,,Detection,,,,0.6947802901268005,,2024-08-23T19:45:13.450000,R50D6,,,,,,,2024-08-23_338
,,2024-08-23,,,AM,True,False,,Detection,,,,,,2024-08-23T19:45:13.780000,R50D6,,,,,,,2024-08-23_339
,,2024-08-23,2024-08-23T19:47:09.840000,,AM,True,False,,Detection,,,,0.7257620692253113,,2024-08-23T19:47:09.840000,R50D6,,,,,,,2024-08-23_340
,,2024-08-23,2024-08-23T19:48:38.010000,,AM,True,False,,Detection,,,,0.7187166810035706,,2024-08-23T19:48:38.010000,R50D6,,,,,,,2024-08-23_341
,,2024-08-23,2024-08-23T19:56:07.990000,,AM,True,False,,Detection,,,,0.5120471715927124,,2024-08-23T19:56:07.990000,R50D6,,,,,,,2024-08-23_342
,,2024-08-23,2024-08-23T20:15:33.860000,,AM,True,False,,Detection,,,,0.7743899822235107,,2024-08-23T20:15:33.860000,R50D6,,,,,,,2024-08-23_343
,,2024-08-23,2024-08-23T20:20:51.990000,,AM,True,False,,Detection,,,,0.664659857749939,,2024-08-23T20:20:51.990000,R50D6,,,,,,,2024-08-23_344
,,2024-08-23,2024-08-23T20:33:38.540000,,AM,True,False,,Detection,,,,0.5094017386436462,,2024-08-23T20:33:38.540000,R50D6,,,,,,,2024-08-23_345
,,2024-08-23,2024-08-23T20:45:49.010000,,AM,True,False,,Detection,,,,0.8393110036849976,,2024-08-23T20:45:49.010000,R50D6,,,,,,,2024-08-23_346
,,2024-08-23,2024-08-23T21:06:23.470000,,AM,True,False,,Detection,,,,0.7024356126785278,,2024-08-23T21:06:23.470000,R50D6,,,,,,,2024-08-23_347
,,2024-08-23,2024-08-23T21:06:50.910000,,AM,True,False,,Detection,,,,0.5313906073570251,,2024-08-23T21:06:50.910000,R50D6,,,,,,,2024-08-23_348
,,2024-08-23,2024-08-23T21:21:21.740000,,AM,True,False,,Detection,,,,0.6233915090560913,,2024-08-23T21:21:21.740000,R50D6,,,,,,,2024-08-23_349
,,2024-08-23,2024-08-23T21:27:05.010000,,AM,True,False,,Detection,,,,0.568138837814331,,2024-08-23T21:27:05.010000,R50D6,,,,,,,2024-08-23_350
,,2024-08-23,2024-08-23T21:29:37.010000,,AM,True,False,,Detection,,,,0.8406797051429749,,2024-08-23T21:29:37.010000,R50D6,,,,,,,2024-08-23_351
,,2024-08-23,2024-08-23T21:46:08.010000,,AM,True,False,,Detection,,,,0.870860755443573,,2024-08-23T21:46:08.010000,R50D6,,,,,,,2024-08-23_352
,,2024-08-23,,,AM,True,False,,Detection,,,,,,2024-08-23T21:46:08.720000,R50D6,,,,,,,2024-08-23_353
,,2024-08-23,2024-08-23T21:46:36.010000,,AM,True,False,,Detection,,,,0.7988829612731934,,2024-08-23T21:46:36.010000,R50D6,,,,,,,2024-08-23_354
,,2024-08-23,2024-08-23T21:48:05.010000,,AM,True,False,,Detection,,,,0.8137111663818359,,2024-08-23T21:48:05.010000,R50D6,,,,,,,2024-08-23_355
,,2024-08-23,2024-08-23T22:07:39.990000,,AM,True,False,,Detection,,,,0.5905246138572693,,2024-08-23T22:07:39.990000,R50D6,,,,,,,2024-08-23_356
,,2024-08-23,2024-08-23T22:16:11.870000,,AM,True,False,,Detection,,,,0.5763686299324036,,2024-08-23T22:16:11.870000,R50D6,,,,,,,2024-08-23_357
,,2024-08-23,2024-08-23T22:39:21.160000,,AM,True,False,,Detection,,,,0.5508372783660889,,2024-08-23T22:39:21.160000,R50D6,,,,,,,2024-08-23_358
,,2024-08-23,2024-08-23T22:41:37.010000,,AM,True,False,,Detection,,,,0.6670948266983032,,2024-08-23T22:41:37.010000,R50D6,,,,,,,2024-08-23_359
,,2024-08-23,2024-08-23T22:46:19.360000,,AM,True,False,,Detection,,,,0.8562247157096863,,2024-08-23T22:46:19.360000,R50D6,,,,,,,2024-08-23_360
,,2024-08-23,2024-08-23T22:58:36.010000,,AM,True,False,,Detection,,,,0.6499329805374146,,2024-08-23T22:58:36.010000,R50D6,,,,,,,2024-08-23_361
,,2024-08-23,2024-08-23T23:01:54.040000,,AM,True,False,,Detection,,,,0.6151244044303894,,2024-08-23T23:01:54.040000,R50D6,,,,,,,2024-08-23_362
,,2024-08-23,2024-08-23T23:05:51.150000,,AM,True,False,,Detection,,,,0.6106723546981812,,2024-08-23T23:05:51.150000,R50D6,,,,,,,2024-08-23_363
,,2024-08-23,2024-08-23T23:16:21.610000,,AM,True,False,,Detection,,,,0.5472081899642944,,2024-08-23T23:16:21.610000,R50D6,,,,,,,2024-08-23_364
,,2024-08-23,2024-08-23T23:19:39.980000,,AM,True,False,,Detection,,,,0.7689546942710876,,2024-08-23T23:19:39.980000,R50D6,,,,,,,2024-08-23_365
,,2024-08-23,2024-08-23T23:37:06.140000,,AM,True,False,,Detection,,,,0.6477823853492737,,2024-08-23T23:37:06.140000,R50D6,,,,,,,2024-08-23_366
,,2024-08-23,2024-08-23T23:45:21.680000,,AM,True,False,,Detection,,,,0.8062053918838501,,2024-08-23T23:45:21.680000,R50D6,,,,,,,2024-08-23_367
,,2024-08-23,2024-08-23T23:46:23.060000,,AM,True,False,,Detection,,,,0.7218524217605591,,2024-08-23T23:46:23.060000,R50D6,,,,,,,2024-08-23_368
,,2024-08-23,2024-08-23T23:47:15.700000,,AM,True,False,,Detection,,,,0.8806767463684082,,2024-08-23T23:47:15.700000,R50D6,,,,,,,2024-08-23_369
,,2024-08-23,2024-08-23T23:48:11.680000,,AM,True,False,,Detection,,,,0.8894718289375305,,2024-08-23T23:48:11.680000,R50D6,,,,,,,2024-08-23_370
,,2024-08-23,2024-08-23T23:54:27.010000,,AM,True,False,,Detection,,,,0.6266971230506897,,2024-08-23T23:54:27.010000,R50D6,,,,,,,2024-08-23_371
,,2024-08-23,2024-08-23T23:55:05,,AM,True,False,,Detection,,,,0.6436293721199036,,2024-08-23T23:55:05,R50D6,,,,,,,2024-08-23_372
,,2024-08-23,2024-08-24T00:00:58.940000,,AM,True,False,,Detection,,,,0.8256161212921143,,2024-08-24T00:00:58.940000,R50D6,,,,,,,2024-08-23_373
